period_index,position_mm,duty_cycle
0.0,0.0,0.9677427064075871
1.0,0.01550037043769857,0.9576706469139747
2.0,0.03100074087539714,0.9677427064075871
3.0,0.04650111131309571,0.3103480533856779
4.0,0.06200148175079428,0.039790854873262754
5.0,0.07750185218849284,0.5756619081907308
6.0,0.09300222262619141,0.054627473982798276
7.0,0.10850259306388998,0.033887915681418516
8.0,0.12400296350158856,0.5962564451789942
9.0,0.13950333393928713,0.6853536260037753
10.0,0.15500370437698568,0.032257293592412875
11.0,0.17050407481468427,0.07115278249179313
12.0,0.18600444525238283,0.07990963959600508
13.0,0.20150481569008138,0.042765627209983836
14.0,0.21700518612777997,0.22608343886904897
15.0,0.23250555656547855,0.07652133912121677
16.0,0.2480059270031771,0.032257293592412875
17.0,0.2635062974408757,0.032257293592412875
18.0,0.27900666787857425,0.044716882453144376
19.0,0.29450703831627284,0.8814363065287644
20.0,0.31000740875397137,0.08468241094358991
21.0,0.32550777919166995,0.033018407497441775
22.0,0.34100814962936854,0.8737056172713829
23.0,0.35650852006706707,0.03226011368562521
24.0,0.37200889050476565,0.04801246524889779
25.0,0.3875092609424642,0.03415175708445094
26.0,0.40300963138016277,0.0680535165105165
27.0,0.4185100018178614,0.14843223671717537
28.0,0.43401037225555994,0.032257293592412875
29.0,0.4495107426932585,0.11617807316127081
30.0,0.4650111131309571,0.0323189358445763
31.0,0.48051148356865564,0.19054402443640966
32.0,0.4960118540063542,0.032257293592412875
33.0,0.5115122244440528,0.14270793374088647
34.0,0.5270125948817515,0.1980783829164833
35.0,0.5425129653194499,0.04143530071929061
36.0,0.5580133357571485,0.09856790745038795
37.0,0.573513706194847,0.03602742019815175
38.0,0.5890140766325457,0.032257293592412875
39.0,0.6045144470702442,0.07008725598982543
40.0,0.6200148175079427,0.9009987685695537
41.0,0.6355151879456413,0.9472802861949527
42.0,0.6510155583833399,0.16208983500153282
43.0,0.6665159288210385,0.27776142854360575
44.0,0.6820162992587371,0.18723931438246666
45.0,0.6975166696964357,0.041248057202310576
46.0,0.7130170401341341,0.032257293592412875
47.0,0.7285174105718328,0.03368997749542981
48.0,0.7440177810095313,0.03225781390209171
49.0,0.7595181514472299,0.035202558590843445
50.0,0.7750185218849284,0.9434087706333368
51.0,0.7905188923226271,0.162584391327008
52.0,0.8060192627603255,0.05507424010435942
53.0,0.8215196331980241,0.19157853708299974
54.0,0.8370200036357228,0.10255873491961376
55.0,0.8525203740734213,0.9168105369247692
56.0,0.8680207445111199,0.03226075055185426
57.0,0.8835211149488185,0.9677427064075871
58.0,0.899021485386517,0.032257293592412875
59.0,0.9145218558242155,0.039721343645766495
60.0,0.9300222262619142,0.03225729366891389
61.0,0.9455225966996127,0.9677401390619201
62.0,0.9610229671373113,0.03230722837476863
63.0,0.9765233375750098,0.9591537863749423
64.0,0.9920237080127084,0.032257293592412875
65.0,1.0075240784504071,0.7287853873690755
66.0,1.0230244488881055,0.036573876079448314
67.0,1.038524819325804,0.10261684068588789
68.0,1.054025189763503,0.9669708888235191
69.0,1.0695255602012013,0.03658299660090824
70.0,1.0850259306388998,0.9057329472470101
71.0,1.1005263010765984,0.7836789597808654
72.0,1.116026671514297,0.8345911559366682
73.0,1.1315270419519954,0.052547324249734795
74.0,1.147027412389694,0.7746753943681856
75.0,1.1625277828273928,0.043753237573346856
76.0,1.1780281532650914,0.03381694105347022
77.0,1.19352852370279,0.742797424724705
78.0,1.2090288941404883,0.9261517317436102
79.0,1.224529264578187,0.3058672195530074
80.0,1.2400296350158855,0.033400837763396814
81.0,1.2555300054535843,0.17953719081532282
82.0,1.2710303758912826,0.2424921334139486
83.0,1.2865307463289812,0.05062563576300619
84.0,1.3020311167666798,0.037684716420262346
85.0,1.3175314872043784,0.05423031638730684
86.0,1.333031857642077,0.03248569341173856
87.0,1.3485322280797754,0.21707732703700708
88.0,1.3640325985174742,0.032257293592412875
89.0,1.3795329689551727,0.944761276789096
90.0,1.3950333393928713,0.9620369774363757
91.0,1.4105337098305697,0.15698238268729142
92.0,1.4260340802682683,0.05412097788350363
93.0,1.4415344507059669,0.032257293592412875
94.0,1.4570348211436657,0.032257293592412875
95.0,1.472535191581364,0.03315421627889063
96.0,1.4880355620190626,0.12116495890195843
97.0,1.5035359324567612,0.03292879904303698
98.0,1.5190363028944598,0.7232410300685513
99.0,1.5345366733321584,0.03469142217351519
100.0,1.5500370437698567,0.12851347542534114
101.0,1.5655374142075555,0.03270738888000155
102.0,1.5810377846452541,0.07013418380624652
103.0,1.5965381550829527,0.21786476432045898
104.0,1.612038525520651,0.03523010267033941
105.0,1.6275388959583497,0.03226282474388036
106.0,1.6430392663960482,0.03238681119889649
107.0,1.658539636833747,0.03306574897402479
108.0,1.6740400072714456,0.07575088566865633
109.0,1.689540377709144,0.07691955905686813
110.0,1.7050407481468426,0.03500177769873838
111.0,1.7205411185845412,0.04618711184071595
112.0,1.7360414890222398,0.0329905486330017
113.0,1.7515418594599381,0.09215721187338546
114.0,1.767042229897637,0.6852889429437548
115.0,1.7825426003353355,0.1778515584600749
116.0,1.798042970773034,0.17914081964960918
117.0,1.8135433412107325,0.7858933001447445
118.0,1.829043711648431,0.9637869319904528
119.0,1.8445440820861296,0.032257293592412875
120.0,1.8600444525238284,0.07159051894587531
121.0,1.875544822961527,0.25731183759634735
122.0,1.8910451933992254,0.032257293592412875
123.0,1.906545563836924,0.036644635454845705
124.0,1.9220459342746226,0.032257293592412875
125.0,1.9375463047123211,0.032257293592412875
126.0,1.9530466751500195,0.9224150712945937
127.0,1.9685470455877183,0.032257293592412875
128.0,1.984047416025417,0.86015139004971
129.0,1.9995477864631155,0.03255219673756277
130.0,2.0150481569008143,0.032513307300620464
131.0,2.0305485273385124,0.07077406200647934
132.0,2.046048897776211,0.032257293592412875
133.0,2.0615492682139096,0.8943270709386247
134.0,2.077049638651608,0.06797832350087064
135.0,2.0925500090893068,0.09388927134740115
136.0,2.108050379527006,0.12582428131183562
137.0,2.123550749964704,0.21422785874972575
138.0,2.1390511204024025,0.057066442230154515
139.0,2.154551490840101,0.03228787368591947
140.0,2.1700518612777997,0.07869295365329518
141.0,2.1855522317154983,0.10898912870013236
142.0,2.201052602153197,0.8267878468682109
143.0,2.2165529725908955,0.29649103719146913
144.0,2.232053343028594,0.675581165697162
145.0,2.2475537134662926,0.8595859315742328
146.0,2.2630540839039908,0.9320606540608798
147.0,2.2785544543416894,0.13981263453892367
148.0,2.294054824779388,0.9563023231722633
149.0,2.309555195217087,0.04803943879160059
150.0,2.3250555656547855,0.5076440943847147
151.0,2.340555936092484,0.43924432499452315
152.0,2.3560563065301827,0.86894247543362
153.0,2.3715566769678813,0.03225816661269967
154.0,2.38705704740558,0.03225758084466079
155.0,2.402557417843278,0.9575735769784648
156.0,2.4180577882809766,0.03508580480450995
157.0,2.433558158718675,0.7420836375959179
158.0,2.449058529156374,0.8503562419081806
159.0,2.4645588995940724,0.07016479156264967
160.0,2.480059270031771,0.08019965604580233
161.0,2.4955596404694695,0.8842658938690137
162.0,2.5110600109071686,0.04545782511224528
163.0,2.526560381344867,0.9677427064075871
164.0,2.5420607517825653,0.05994371509173691
165.0,2.557561122220264,0.03235454179526189
166.0,2.5730614926579625,0.08026514556361626
167.0,2.588561863095661,0.04695724632391549
168.0,2.6040622335333596,0.0502751947743787
169.0,2.6195626039710582,0.7582222478480484
170.0,2.635062974408757,0.13412513103449358
171.0,2.6505633448464554,0.033057082021239664
172.0,2.666063715284154,0.03606670718584772
173.0,2.681564085721852,0.714983606581796
174.0,2.6970644561595507,0.9010124565053139
175.0,2.7125648265972497,0.032257293592412875
176.0,2.7280651970349483,0.032257293592412875
177.0,2.743565567472647,0.576225544730947
178.0,2.7590659379103455,0.3835997535233662
179.0,2.774566308348044,0.03418870725670534
180.0,2.7900666787857427,0.9054382387418562
181.0,2.805567049223441,0.03231905565732835
182.0,2.8210674196611394,0.16434205972195476
183.0,2.836567790098838,0.7735459545594272
184.0,2.8520681605365366,0.10296492592915747
185.0,2.867568530974235,0.07961109257035623
186.0,2.8830689014119337,0.035092521823235114
187.0,2.8985692718496323,0.16569332589515223
188.0,2.9140696422873313,0.9480253274553686
189.0,2.92957001272503,0.2525301349949441
190.0,2.945070383162728,0.23312793387425337
191.0,2.9605707536004267,0.032371061976605865
192.0,2.9760711240381252,0.6684327500724963
193.0,2.991571494475824,0.888422895865674
194.0,3.0070718649135224,0.03286524023641487
195.0,3.022572235351221,0.38073821495868954
196.0,3.0380726057889196,0.4636543317302548
197.0,3.053572976226618,0.20032651733636037
198.0,3.0690733466643167,0.03256839511023249
199.0,3.084573717102015,0.1595177487890118
200.0,3.1000740875397135,0.16762098731048136
201.0,3.1155744579774125,0.032257293592412875
202.0,3.131074828415111,0.9081575960461475
203.0,3.1465751988528097,0.5432960608998008
204.0,3.1620755692905083,0.03289109441393981
205.0,3.177575939728207,0.037177843670633745
206.0,3.1930763101659054,0.9621223910368163
207.0,3.208576680603604,0.7503005528360647
208.0,3.224077051041302,0.04068915446566801
209.0,3.2395774214790007,0.05105860419774532
210.0,3.2550777919166993,0.1638102237167359
211.0,3.270578162354398,0.09462328583320183
212.0,3.2860785327920965,0.03272374689829265
213.0,3.301578903229795,0.7837802146744293
214.0,3.317079273667494,0.8755802140468902
215.0,3.3325796441051927,0.149909378964932
216.0,3.3480800145428913,0.03734858566154415
217.0,3.3635803849805894,0.9448402429664171
218.0,3.379080755418288,0.03585582298353212
219.0,3.3945811258559866,0.20576540253688141
220.0,3.410081496293685,0.13782311428949623
221.0,3.4255818667313838,0.1788558838094806
222.0,3.4410822371690823,0.06626648182319927
223.0,3.456582607606781,0.7601595489748426
224.0,3.4720829780444795,0.036580057076462585
225.0,3.487583348482178,0.06697294465036961
226.0,3.5030837189198762,0.9517206732903962
227.0,3.5185840893575753,0.9423648953934265
228.0,3.534084459795274,0.8720917668747704
229.0,3.5495848302329724,0.1406708118165249
230.0,3.565085200670671,0.13640246799353947
231.0,3.5805855711083696,0.910803600835294
232.0,3.596085941546068,0.1089593637534334
233.0,3.611586311983767,0.032257293592412875
234.0,3.627086682421465,0.032257293592412875
235.0,3.6425870528591635,0.8331369273818792
236.0,3.658087423296862,0.03225732745117363
237.0,3.6735877937345607,0.04685993340317044
238.0,3.6890881641722593,0.07418009182568884
239.0,3.704588534609958,0.20532564246831667
240.0,3.720088905047657,0.032287289628999745
241.0,3.7355892754853555,0.032257293592412875
242.0,3.751089645923054,0.04649597758625839
243.0,3.766590016360752,0.7493752564284635
244.0,3.7820903867984508,0.15247224348113741
245.0,3.7975907572361494,0.8009693211685439
246.0,3.813091127673848,0.03712112291668744
247.0,3.8285914981115465,0.7896485302333042
248.0,3.844091868549245,0.06287029302598747
249.0,3.8595922389869437,0.07303140847084709
250.0,3.8750926094246423,0.032257293592412875
251.0,3.890592979862341,0.8280506682968743
252.0,3.906093350300039,0.04440481493240998
253.0,3.921593720737738,0.9677358026354921
254.0,3.9370940911754366,0.07100819395761822
255.0,3.952594461613135,0.26284851863006164
256.0,3.968094832050834,0.7693520237037531
257.0,3.9835952024885324,0.037676889588224134
258.0,3.999095572926231,0.6210484496629488
259.0,4.01459594336393,0.04402621339378137
260.0,4.030096313801629,0.8614745107912714
261.0,4.045596684239326,0.11039724813310084
262.0,4.061097054677025,0.4517624641008131
263.0,4.0765974251147234,0.9672643001204315
264.0,4.092097795552422,0.05725331596072669
265.0,4.107598165990121,0.034359376543786124
266.0,4.123098536427819,0.1687436138531871
267.0,4.138598906865518,0.06962960119965744
268.0,4.154099277303216,0.7390507199261742
269.0,4.169599647740915,0.963039502563696
270.0,4.1851000181786135,0.18131225058832398
271.0,4.200600388616312,0.032750226598866575
272.0,4.216100759054012,0.23717717839072253
273.0,4.23160112949171,0.09477411359289546
274.0,4.247101499929408,0.8776772502310188
275.0,4.2626018703671065,0.22211507014649015
276.0,4.278102240804805,0.7833724220898912
277.0,4.293602611242504,0.032257355222375536
278.0,4.309102981680202,0.10364932338663682
279.0,4.324603352117901,0.31597061538259574
280.0,4.340103722555599,0.032257293592412875
281.0,4.355604092993298,0.032257293592412875
282.0,4.371104463430997,0.24108628787471373
283.0,4.386604833868695,0.7520579193487841
284.0,4.402105204306394,0.09847569682817367
285.0,4.417605574744092,0.8929945025470197
286.0,4.433105945181791,0.0322578503330696
287.0,4.4486063156194895,0.11680795510207863
288.0,4.464106686057188,0.2161087964689173
289.0,4.479607056494887,0.198956572615515
290.0,4.495107426932585,0.1176317017979075
291.0,4.510607797370284,0.044574767481037336
292.0,4.5261081678079815,0.04645748545194966
293.0,4.54160853824568,0.03227139525359728
294.0,4.557108908683379,0.0323064226359369
295.0,4.572609279121077,0.08086897218290386
296.0,4.588109649558776,0.8070808018529215
297.0,4.6036100199964745,0.24943793969780473
298.0,4.619110390434174,0.037875610670079086
299.0,4.6346107608718725,0.5374914985993268
300.0,4.650111131309571,0.38456869301415864
301.0,4.66561150174727,0.8698538341437249
302.0,4.681111872184968,0.4508379585785936
303.0,4.696612242622667,0.049469631006084494
304.0,4.712112613060365,0.14543736194554782
305.0,4.727612983498064,0.7968033110836897
306.0,4.743113353935763,0.26531812587319487
307.0,4.758613724373461,0.033348777555694646
308.0,4.77411409481116,0.9677427064075871
309.0,4.7896144652488575,0.033460834938149345
310.0,4.805114835686556,0.032257293592412875
311.0,4.820615206124255,0.03241920944054752
312.0,4.836115576561953,0.032257293592412875
313.0,4.851615946999652,0.7811462487068986
314.0,4.86711631743735,0.5972159996138087
315.0,4.882616687875049,0.808725408396212
316.0,4.898117058312748,0.26260800006538043
317.0,4.913617428750446,0.6354569803519563
318.0,4.929117799188145,0.036815456587846414
319.0,4.944618169625843,0.8484073702166268
320.0,4.960118540063542,0.032257293592412875
321.0,4.9756189105012405,0.06855208237519499
322.0,4.991119280938939,0.40558575856869955
323.0,5.006619651376638,0.7927784261566272
324.0,5.022120021814337,0.6689793110978963
325.0,5.037620392252036,0.30089258856905177
326.0,5.053120762689734,0.8740829790476845
327.0,5.068621133127432,0.07168771278143427
328.0,5.084121503565131,0.7363493726984421
329.0,5.099621874002829,0.180577294914028
330.0,5.115122244440528,0.9677427064075871
331.0,5.130622614878226,0.8064651855584718
332.0,5.146122985315925,0.14626825984626338
333.0,5.1616233557536235,0.9496004021954779
334.0,5.177123726191322,0.5211076327806589
335.0,5.192624096629021,0.032257293592412875
336.0,5.208124467066719,0.03284565123974331
337.0,5.223624837504418,0.9446416084829474
338.0,5.2391252079421164,0.05979802718326684
339.0,5.254625578379815,0.747075608566205
340.0,5.270125948817514,0.9108413441689109
341.0,5.285626319255212,0.032296519736137515
342.0,5.301126689692911,0.03312127236758596
343.0,5.316627060130609,0.07603053048609731
344.0,5.332127430568308,0.20938464294657172
345.0,5.347627801006006,0.9454150981968755
346.0,5.363128171443704,0.5909447355007235
347.0,5.378628541881403,0.03243563413945514
348.0,5.394128912319101,0.032257293592412875
349.0,5.4096292827568,0.731814277625705
350.0,5.4251296531944995,0.9538280223596592
351.0,5.440630023632198,0.9649923662808959
352.0,5.456130394069897,0.05801145565235114
353.0,5.471630764507595,0.2121294232079479
354.0,5.487131134945294,0.06709608991723463
355.0,5.502631505382992,0.04187259855300891
356.0,5.518131875820691,0.032263477301969684
357.0,5.53363224625839,0.9677427064075871
358.0,5.549132616696088,0.052530600833986536
359.0,5.564632987133787,0.1182895078443348
360.0,5.580133357571485,0.10822201048795732
361.0,5.595633728009184,0.10887002636949893
362.0,5.611134098446882,0.22351773341207476
363.0,5.62663446888458,0.9578427618160925
364.0,5.642134839322279,0.042587269305043154
365.0,5.657635209759977,0.7738363155660258
366.0,5.673135580197676,0.49211279620657716
367.0,5.6886359506353745,0.19002815034438986
368.0,5.704136321073073,0.0322841432044459
369.0,5.719636691510772,0.06164103256905036
370.0,5.73513706194847,0.19583733791259916
371.0,5.750637432386169,0.07962169596287287
372.0,5.7661378028238675,0.032257293592412875
373.0,5.781638173261566,0.032432695399496454
374.0,5.797138543699265,0.7276755459754687
375.0,5.812638914136963,0.14674821025256737
376.0,5.828139284574663,0.055338337418788554
377.0,5.843639655012361,0.7612653767935127
378.0,5.85914002545006,0.8620296693702042
379.0,5.874640395887758,0.3859154551496818
380.0,5.890140766325456,0.032257293592412875
381.0,5.905641136763155,0.2474134310219531
382.0,5.921141507200853,0.7155883404439032
383.0,5.936641877638552,0.5185252275622757
384.0,5.9521422480762505,0.46770020620196634
385.0,5.967642618513949,0.4825459710685191
386.0,5.983142988951648,0.2565535662637077
387.0,5.998643359389346,0.9485967825576703
388.0,6.014143729827045,0.9674155060093207
389.0,6.029644100264743,0.7991806521576287
390.0,6.045144470702442,0.14608639025855363
391.0,6.060644841140141,0.38209816699773264
392.0,6.076145211577839,0.46323138115513834
393.0,6.091645582015538,0.7457630434215362
394.0,6.107145952453236,0.6545232845746569
395.0,6.122646322890935,0.03226155342101636
396.0,6.1381466933286335,0.032320469774639767
397.0,6.153647063766332,0.31336058193739436
398.0,6.16914743420403,0.8490237368105794
399.0,6.184647804641728,0.03225841078224164
400.0,6.200148175079427,0.4788432574648726
401.0,6.2156485455171255,0.1698071309626592
402.0,6.231148915954825,0.032257645725991095
403.0,6.246649286392524,0.9629225984094094
404.0,6.262149656830222,0.07001921822437827
405.0,6.277650027267921,0.0341603827894792
406.0,6.293150397705619,0.8929570949804911
407.0,6.308650768143318,0.7859383121885654
408.0,6.3241511385810165,0.055508805517640994
409.0,6.339651509018715,0.9623447998641382
410.0,6.355151879456414,0.11455486453376343
411.0,6.370652249894112,0.9670450920890387
412.0,6.386152620331811,0.3393831837373155
413.0,6.401652990769509,0.7772672326003243
414.0,6.417153361207208,0.27081371244677765
415.0,6.432653731644906,0.03376804036322237
416.0,6.448154102082604,0.2871118853473704
417.0,6.463654472520303,0.038963121699601595
418.0,6.4791548429580015,0.04566910659965778
419.0,6.4946552133957,0.11034768112625006
420.0,6.510155583833399,0.032257293592412875
421.0,6.525655954271097,0.07886410060628081
422.0,6.541156324708796,0.7514911978622466
423.0,6.556656695146494,0.8313336263325709
424.0,6.572157065584193,0.6948726392538057
425.0,6.587657436021892,0.03758961788275697
426.0,6.60315780645959,0.9232848991375788
427.0,6.61865817689729,0.03263512196633973
428.0,6.634158547334988,0.3265554971923987
429.0,6.649658917772687,0.03913919123336723
430.0,6.665159288210385,0.032257293592412875
431.0,6.680659658648084,0.3113920496541155
432.0,6.696160029085783,0.1114117321062006
433.0,6.71166039952348,0.9677427064075871
434.0,6.727160769961179,0.03513479195446981
435.0,6.742661140398877,0.032257293592412875
436.0,6.758161510836576,0.6071768381662689
437.0,6.773661881274275,0.10771246715058326
438.0,6.789162251711973,0.3408479131203224
439.0,6.804662622149672,0.7745174298133777
440.0,6.82016299258737,0.09466409788267653
441.0,6.835663363025069,0.47614374035482365
442.0,6.8511637334627675,0.32080929140489484
443.0,6.866664103900466,0.04270786359500773
444.0,6.882164474338165,0.5549371403677424
445.0,6.897664844775863,0.10960909283438634
446.0,6.913165215213562,0.3591294763757184
447.0,6.9286655856512605,0.5746598513020792
448.0,6.944165956088959,0.959371914099522
449.0,6.959666326526658,0.4277827796017253
450.0,6.975166696964356,0.08204305605734101
451.0,6.990667067402054,0.033545773812028376
452.0,7.0061674378397525,0.4170135988398872
453.0,7.021667808277451,0.40652051865228583
454.0,7.0371681787151505,0.8414636569142613
455.0,7.052668549152849,0.4382639873342031
456.0,7.068168919590548,0.21514282795368486
457.0,7.083669290028246,0.5172489801446798
458.0,7.099169660465945,0.3625218471515983
459.0,7.1146700309036435,0.1010324994999424
460.0,7.130170401341342,0.5348671539135182
461.0,7.145670771779041,0.037617716482358794
462.0,7.161171142216739,0.6825194844137714
463.0,7.176671512654438,0.5514318069544931
464.0,7.192171883092136,0.5679125469265877
465.0,7.207672253529835,0.032302924563562097
466.0,7.223172623967534,0.32717183500384067
467.0,7.238672994405232,0.03775350495008367
468.0,7.25417336484293,0.7788862138846719
469.0,7.269673735280628,0.9677427064075871
470.0,7.285174105718327,0.5050856653721224
471.0,7.300674476156026,0.1691284996667788
472.0,7.316174846593724,0.962600184119216
473.0,7.331675217031423,0.5250870875263269
474.0,7.347175587469121,0.5882076617054411
475.0,7.36267595790682,0.8520683045862203
476.0,7.3781763283445185,0.9560390280696905
477.0,7.393676698782217,0.8446751147401023
478.0,7.409177069219916,0.8436571707018377
479.0,7.424677439657615,0.7841783266224854
480.0,7.440177810095314,0.05594880582337051
481.0,7.455678180533012,0.03417829875430025
482.0,7.471178550970711,0.1899521337187407
483.0,7.4866789214084095,0.5924990131933011
484.0,7.502179291846108,0.381712727153859
485.0,7.517679662283807,0.05504741682830029
486.0,7.533180032721504,0.05237805349809684
487.0,7.548680403159203,0.9639993057124139
488.0,7.5641807735969016,0.9133963761266929
489.0,7.5796811440346,0.5200936935037077
490.0,7.595181514472299,0.4694999078154397
491.0,7.610681884909997,0.03235899653024318
492.0,7.626182255347696,0.6006935685371269
493.0,7.6416826257853945,0.9676104054399453
494.0,7.657182996223093,0.906774852028618
495.0,7.672683366660792,0.24853357444060895
496.0,7.68818373709849,0.041002724575458026
497.0,7.703684107536189,0.27860500007549316
498.0,7.719184477973887,0.09565206594764071
499.0,7.734684848411586,0.20320018623032635
500.0,7.750185218849285,0.09092330649442447
501.0,7.765685589286983,0.10698138706621564
502.0,7.781185959724682,0.5531819479983108
503.0,7.79668633016238,0.4194552627843678
504.0,7.812186700600078,0.10988618763172707
505.0,7.8276870710377775,0.2483134385419369
506.0,7.843187441475476,0.3573305350225969
507.0,7.858687811913175,0.45031769391716353
508.0,7.874188182350873,0.06602090426145683
509.0,7.889688552788572,0.10411928303811178
510.0,7.90518892322627,0.7345304593389308
511.0,7.920689293663969,0.5348871300462856
512.0,7.936189664101668,0.3565965457322116
513.0,7.951690034539366,0.13560081134341545
514.0,7.967190404977065,0.6979547373073244
515.0,7.982690775414763,0.7249352501996976
516.0,7.998191145852462,0.6844847916514607
517.0,8.01369151629016,0.8478677977889248
518.0,8.02919188672786,0.967082161544365
519.0,8.044692257165558,0.36546190858899263
520.0,8.060192627603257,0.03227143152176693
521.0,8.075692998040955,0.05646569845727091
522.0,8.091193368478653,0.548702109599777
523.0,8.106693738916352,0.9397666595582531
524.0,8.12219410935405,0.04058197881166842
525.0,8.13769447979175,0.653093183878419
526.0,8.153194850229447,0.3326914825620677
527.0,8.168695220667146,0.9655257664901505
528.0,8.184195591104844,0.9649539058321577
529.0,8.199695961542544,0.5383360458025435
530.0,8.215196331980241,0.12156137939192097
531.0,8.230696702417939,0.8525031217264418
532.0,8.246197072855638,0.14826728436394596
533.0,8.261697443293336,0.9662651210221375
534.0,8.277197813731036,0.7381646044940484
535.0,8.292698184168733,0.039558242210019016
536.0,8.308198554606433,0.034377206560429044
537.0,8.32369892504413,0.26239266395891875
538.0,8.33919929548183,0.6005204305698953
539.0,8.354699665919528,0.27065564300340655
540.0,8.370200036357227,0.8340762448056969
541.0,8.385700406794925,0.9020391734691726
542.0,8.401200777232624,0.5568391451161612
543.0,8.416701147670322,0.20252293416675785
544.0,8.432201518108023,0.0322574854719602
545.0,8.447701888545721,0.09425062504679543
546.0,8.46320225898342,0.03278425213916287
547.0,8.478702629421118,0.0322578710133422
548.0,8.494202999858816,0.2344985281937369
549.0,8.509703370296515,0.4482090032809464
550.0,8.525203740734213,0.6629776011615975
551.0,8.540704111171912,0.7488425587718841
552.0,8.55620448160961,0.20585069717546858
553.0,8.57170485204731,0.8770137056108971
554.0,8.587205222485007,0.41125322440506856
555.0,8.602705592922707,0.9168982055622006
556.0,8.618205963360404,0.13205473116496544
557.0,8.633706333798104,0.2589243296325415
558.0,8.649206704235802,0.9540491071142836
559.0,8.664707074673501,0.5909759518462465
560.0,8.680207445111199,0.47886432366438075
561.0,8.695707815548898,0.05885138124536002
562.0,8.711208185986596,0.47503014008637373
563.0,8.726708556424295,0.529999386259059
564.0,8.742208926861993,0.9677427064075871
565.0,8.75770929729969,0.7090356412484136
566.0,8.77320966773739,0.0372544166264108
567.0,8.788710038175088,0.773271126740637
568.0,8.804210408612787,0.5590140865092744
569.0,8.819710779050485,0.38058577769624297
570.0,8.835211149488185,0.32610145554631237
571.0,8.850711519925882,0.585156109874089
572.0,8.866211890363582,0.08314202139962236
573.0,8.88171226080128,0.5161072476671493
574.0,8.897212631238979,0.48533901987771955
575.0,8.912713001676677,0.5490727361454045
576.0,8.928213372114376,0.0546418064027174
577.0,8.943713742552074,0.3775556006655925
578.0,8.959214112989773,0.032286156868998155
579.0,8.974714483427471,0.2176516033076349
580.0,8.99021485386517,0.8595052124684442
581.0,9.005715224302868,0.2691633159169486
582.0,9.021215594740568,0.5771915498266363
583.0,9.036715965178265,0.4059277810689058
584.0,9.052216335615963,0.539940478118054
585.0,9.067716706053663,0.6584121062467637
586.0,9.08321707649136,0.38926350151378636
587.0,9.09871744692906,0.308241198774417
588.0,9.114217817366757,0.05655561298683294
589.0,9.129718187804457,0.7231110678049527
590.0,9.145218558242155,0.6407173167316177
591.0,9.160718928679854,0.9677426237686203
592.0,9.176219299117552,0.9669824034207972
593.0,9.191719669555251,0.7560691840582415
594.0,9.207220039992949,0.20237651384812824
595.0,9.22272041043065,0.3524232536419711
596.0,9.238220780868348,0.6543007496994433
597.0,9.253721151306047,0.19590068490908769
598.0,9.269221521743745,0.9677427064075871
599.0,9.284721892181445,0.553566968962597
600.0,9.300222262619142,0.6107829989789165
601.0,9.31572263305684,0.5125097308933283
602.0,9.33122300349454,0.26841032852040275
603.0,9.346723373932237,0.05381224894259367
604.0,9.362223744369937,0.11303975702829529
605.0,9.377724114807634,0.6073274272205195
606.0,9.393224485245334,0.37044121297914
607.0,9.408724855683031,0.054125338140335336
608.0,9.42422522612073,0.7826643623949647
609.0,9.439725596558429,0.032257293592412875
610.0,9.455225966996128,0.5566735221921757
611.0,9.470726337433826,0.2953387715631607
612.0,9.486226707871525,0.034573145488260806
613.0,9.501727078309223,0.2588492215702842
614.0,9.517227448746922,0.8709821698059995
615.0,9.53272781918462,0.7047836104273677
616.0,9.54822818962232,0.42814176161006373
617.0,9.563728560060017,0.5093945374215747
618.0,9.579228930497715,0.03762811309526972
619.0,9.594729300935414,0.49736385380090015
620.0,9.610229671373112,0.49472737005623296
621.0,9.625730041810812,0.7716561888333734
622.0,9.64123041224851,0.5882351341624917
623.0,9.656730782686209,0.9068124126522558
624.0,9.672231153123906,0.550072746565819
625.0,9.687731523561606,0.34384861838762426
626.0,9.703231893999304,0.8376436399336009
627.0,9.718732264437003,0.6178384115841085
628.0,9.7342326348747,0.9648287092938088
629.0,9.7497330053124,0.032257293594030324
630.0,9.765233375750098,0.655322444643997
631.0,9.780733746187797,0.032257293592412875
632.0,9.796234116625495,0.4278690506496725
633.0,9.811734487063195,0.5606367018707611
634.0,9.827234857500892,0.40285082368279856
635.0,9.842735227938592,0.03256015900958303
636.0,9.85823559837629,0.9677427064075871
637.0,9.873735968813987,0.8184666292114943
638.0,9.889236339251687,0.509582681369968
639.0,9.904736709689384,0.5746867555530891
640.0,9.920237080127084,0.32035995595627115
641.0,9.935737450564782,0.40978641320402365
642.0,9.951237821002481,0.47835581489355783
643.0,9.966738191440179,0.15554201643856694
644.0,9.982238561877878,0.8801636845285604
645.0,9.997738932315576,0.4474969173388156
646.0,10.013239302753275,0.5143779444238801
647.0,10.028739673190973,0.5278202680230584
648.0,10.044240043628674,0.9676697406980123
649.0,10.059740414066372,0.6301162548563357
650.0,10.075240784504071,0.08094583182721124
651.0,10.09074115494177,0.33298818711963657
652.0,10.106241525379469,0.5199916481981262
653.0,10.121741895817166,0.5054353132965206
654.0,10.137242266254864,0.550857252058079
655.0,10.152742636692563,0.06619901667205996
656.0,10.168243007130261,0.5445135950241434
657.0,10.18374337756796,0.5096558854115788
658.0,10.199243748005658,0.4693939215153299
659.0,10.214744118443358,0.44275997267243955
660.0,10.230244488881056,0.9662101773936715
661.0,10.245744859318755,0.5104886651774528
662.0,10.261245229756453,0.3685598509533921
663.0,10.276745600194152,0.4595525002019331
664.0,10.29224597063185,0.6054417123402708
665.0,10.30774634106955,0.20339933653420816
666.0,10.323246711507247,0.032257293592412875
667.0,10.338747081944947,0.08296258599271464
668.0,10.354247452382644,0.7965296044518182
669.0,10.369747822820344,0.5339247698933332
670.0,10.385248193258041,0.33756130747004376
671.0,10.400748563695739,0.4652096310066273
672.0,10.416248934133439,0.03703016800297572
673.0,10.431749304571136,0.08935634604659569
674.0,10.447249675008836,0.9677427064075871
675.0,10.462750045446533,0.9349863646685611
676.0,10.478250415884233,0.4081798747759148
677.0,10.49375078632193,0.6106054995762539
678.0,10.50925115675963,0.48319571305295705
679.0,10.524751527197328,0.7517419276370161
680.0,10.540251897635027,0.032257293592412875
681.0,10.555752268072725,0.4333515107929234
682.0,10.571252638510424,0.8818095857762535
683.0,10.586753008948122,0.19725967700222918
684.0,10.602253379385822,0.32369735742248995
685.0,10.61775374982352,0.25381817930587436
686.0,10.633254120261219,0.5169163307679553
687.0,10.648754490698916,0.40520265409108774
688.0,10.664254861136616,0.03454918106920584
689.0,10.679755231574314,0.45601774050980237
690.0,10.695255602012011,0.953056247541196
691.0,10.71075597244971,0.41191330682465555
692.0,10.726256342887408,0.4709710601295118
693.0,10.741756713325108,0.5913864365702712
694.0,10.757257083762806,0.3090550101203133
695.0,10.772757454200505,0.4503170444048583
696.0,10.788257824638203,0.2813459521570457
697.0,10.803758195075902,0.4733671722477647
698.0,10.8192585655136,0.4995037107471512
699.0,10.834758935951301,0.5730858994622497
700.0,10.850259306388999,0.43906010354551256
701.0,10.865759676826698,0.6266662482056801
702.0,10.881260047264396,0.46573630808680716
703.0,10.896760417702096,0.5073462628037917
704.0,10.912260788139793,0.6208467046245424
705.0,10.927761158577493,0.5521883289025341
706.0,10.94326152901519,0.06925686959600053
707.0,10.958761899452888,0.4519932104489232
708.0,10.974262269890588,0.03395348001793813
709.0,10.989762640328285,0.8698032133984741
710.0,11.005263010765985,0.39390919664208107
711.0,11.020763381203682,0.5502724650478685
712.0,11.036263751641382,0.638148796306004
713.0,11.05176412207908,0.389247433158479
714.0,11.06726449251678,0.03308747895289839
715.0,11.082764862954477,0.8940506330232144
716.0,11.098265233392176,0.9558245006409057
717.0,11.113765603829874,0.1098747708064525
718.0,11.129265974267573,0.45848700876615534
719.0,11.144766344705271,0.588986862954839
720.0,11.16026671514297,0.6790316902750498
721.0,11.175767085580668,0.876040856190979
722.0,11.191267456018368,0.8468703249425743
723.0,11.206767826456066,0.5467132218523292
724.0,11.222268196893763,0.5060809556464527
725.0,11.237768567331463,0.304142237229203
726.0,11.25326893776916,0.6348524622533693
727.0,11.26876930820686,0.6251817665691697
728.0,11.284269678644558,0.15974899260082231
729.0,11.299770049082257,0.11859785731962141
730.0,11.315270419519955,0.5421915513716558
731.0,11.330770789957654,0.2290691530507575
732.0,11.346271160395352,0.2426288757701203
733.0,11.361771530833051,0.032274066143530886
734.0,11.377271901270749,0.42204425286434905
735.0,11.392772271708449,0.7176735467603667
736.0,11.408272642146146,0.6569910213648034
737.0,11.423773012583846,0.03394149063880941
738.0,11.439273383021543,0.24783466694922238
739.0,11.454773753459243,0.9677427064075871
740.0,11.47027412389694,0.566137069066034
741.0,11.48577449433464,0.5373365798632757
742.0,11.501274864772338,0.5328401108244053
743.0,11.516775235210035,0.12145482615438132
744.0,11.532275605647735,0.36287858419031577
745.0,11.547775976085433,0.9653292063901079
746.0,11.563276346523132,0.2887727301770715
747.0,11.57877671696083,0.5308698741601448
748.0,11.59427708739853,0.4779128865940806
749.0,11.609777457836227,0.9669243860182677
750.0,11.625277828273926,0.3260904052958351
751.0,11.640778198711626,0.9601556690268803
752.0,11.656278569149325,0.5138635064105487
753.0,11.671778939587023,0.07567705246171337
754.0,11.687279310024723,0.5301683335952262
755.0,11.70277968046242,0.15135972926453273
756.0,11.71828005090012,0.49960642485476553
757.0,11.733780421337817,0.9191245224930654
758.0,11.749280791775517,0.09080979731579042
759.0,11.764781162213215,0.5156550685696573
760.0,11.780281532650912,0.5638772599875284
761.0,11.795781903088612,0.5631615664283157
762.0,11.81128227352631,0.3866377936173556
763.0,11.826782643964009,0.5951502470252736
764.0,11.842283014401707,0.5341141382048412
765.0,11.857783384839406,0.46133306066669816
766.0,11.873283755277104,0.4540438480593332
767.0,11.888784125714803,0.3187887933425496
768.0,11.904284496152501,0.35515944051451
769.0,11.9197848665902,0.4480235334174007
770.0,11.935285237027898,0.9214674747607073
771.0,11.950785607465598,0.9662679854199313
772.0,11.966285977903295,0.5190124453745402
773.0,11.981786348340995,0.5394732345568272
774.0,11.997286718778692,0.8359939236915808
775.0,12.012787089216392,0.7083448732245496
776.0,12.02828745965409,0.2360514936565174
777.0,12.043787830091787,0.355873286836716
778.0,12.059288200529487,0.9533441024641419
779.0,12.074788570967184,0.4650408667757456
780.0,12.090288941404884,0.1717681466214689
781.0,12.105789311842582,0.3202799550038146
782.0,12.121289682280281,0.41902844751373536
783.0,12.136790052717979,0.437983132994525
784.0,12.152290423155678,0.5604111809198373
785.0,12.167790793593376,0.5435479801145845
786.0,12.183291164031075,0.7746791674650361
787.0,12.198791534468773,0.44362464435359933
788.0,12.214291904906473,0.32466070298886524
789.0,12.22979227534417,0.5453928181991989
790.0,12.24529264578187,0.3587527403868746
791.0,12.260793016219568,0.768563517249902
792.0,12.276293386657267,0.5057400970720053
793.0,12.291793757094965,0.9636956325722762
794.0,12.307294127532664,0.032257293592412875
795.0,12.322794497970362,0.5296612401452148
796.0,12.33829486840806,0.7156013275061026
797.0,12.353795238845759,0.4787056528978771
798.0,12.369295609283457,0.4906967815986983
799.0,12.384795979721156,0.671737785501312
800.0,12.400296350158854,0.5593638669916992
801.0,12.415796720596553,0.43526910834458443
802.0,12.431297091034251,0.5483236124231459
803.0,12.446797461471952,0.5733542184341761
804.0,12.46229783190965,0.5303194739539899
805.0,12.47779820234735,0.506281284607087
806.0,12.493298572785047,0.9613549060319584
807.0,12.508798943222747,0.08157738117517752
808.0,12.524299313660444,0.5764792080034796
809.0,12.539799684098144,0.42459006567738394
810.0,12.555300054535842,0.5303563955365621
811.0,12.570800424973541,0.48756694625686037
812.0,12.586300795411239,0.7924282470471993
813.0,12.601801165848936,0.4847452647232231
814.0,12.617301536286636,0.42629998399385455
815.0,12.632801906724334,0.12746735949657267
816.0,12.648302277162033,0.4682634585215973
817.0,12.66380264759973,0.44037545048678955
818.0,12.67930301803743,0.47729701546173325
819.0,12.694803388475128,0.32314502655978894
820.0,12.710303758912827,0.0990280718950923
821.0,12.725804129350525,0.426776769616441
822.0,12.741304499788225,0.538894298626859
823.0,12.756804870225922,0.6511066123218203
824.0,12.772305240663622,0.4895942636203474
825.0,12.78780561110132,0.4674269153996501
826.0,12.803305981539019,0.22416622930584348
827.0,12.818806351976717,0.9561278672463138
828.0,12.834306722414416,0.9677132505352758
829.0,12.849807092852114,0.48790093793936273
830.0,12.865307463289811,0.08505531621095429
831.0,12.880807833727511,0.40039108257793954
832.0,12.896308204165209,0.484293866833508
833.0,12.911808574602908,0.45902085749520183
834.0,12.927308945040606,0.1646751361559621
835.0,12.942809315478305,0.5535777936387274
836.0,12.958309685916003,0.6952413661280219
837.0,12.973810056353702,0.5426338491074926
838.0,12.9893104267914,0.4386525498136503
839.0,13.0048107972291,0.45013275351886367
840.0,13.020311167666797,0.603615434369543
841.0,13.035811538104497,0.03813861416710494
842.0,13.051311908542194,0.6391189429515304
843.0,13.066812278979894,0.49147942450412574
844.0,13.082312649417592,0.4402440680431681
845.0,13.097813019855291,0.6204543590861
846.0,13.113313390292989,0.12590556352793067
847.0,13.128813760730688,0.5435154978697025
848.0,13.144314131168386,0.157632931136103
849.0,13.159814501606084,0.03326115134052406
850.0,13.175314872043783,0.07358429282320063
851.0,13.19081524248148,0.785345028198756
852.0,13.20631561291918,0.5754534161654755
853.0,13.221815983356878,0.9651175759430524
854.0,13.23731635379458,0.6005753288894258
855.0,13.252816724232277,0.05499793857182688
856.0,13.268317094669976,0.5008943621150568
857.0,13.283817465107674,0.3789460451611754
858.0,13.299317835545374,0.41995843580712755
859.0,13.314818205983071,0.4796283311886387
860.0,13.33031857642077,0.7049848879974171
861.0,13.345818946858468,0.032257765354511664
862.0,13.361319317296168,0.8346155520234952
863.0,13.376819687733866,0.5329418244512583
864.0,13.392320058171565,0.9677083023231792
865.0,13.407820428609263,0.35200585908188087
866.0,13.42332079904696,0.48711539264692044
867.0,13.43882116948466,0.6599511479509861
868.0,13.454321539922358,0.3354096833421774
869.0,13.469821910360057,0.3856618934115557
870.0,13.485322280797755,0.7517991481720361
871.0,13.500822651235454,0.5164835329861117
872.0,13.516323021673152,0.5017040561192712
873.0,13.531823392110852,0.7073662108994012
874.0,13.54732376254855,0.5915126139339362
875.0,13.562824132986249,0.6913876938395028
876.0,13.578324503423946,0.03960102143756295
877.0,13.593824873861646,0.6646257763554134
878.0,13.609325244299344,0.5122568156312045
879.0,13.624825614737043,0.5343360850891403
880.0,13.64032598517474,0.4973039824347713
881.0,13.65582635561244,0.5637770905505628
882.0,13.671326726050138,0.47566461625414574
883.0,13.686827096487836,0.5131769660272046
884.0,13.702327466925535,0.45677930193514465
885.0,13.717827837363233,0.3646676147255214
886.0,13.733328207800932,0.311900916924616
887.0,13.74882857823863,0.03413776640186782
888.0,13.76432894867633,0.3160454194360368
889.0,13.779829319114027,0.400616104566992
890.0,13.795329689551727,0.43377909327393316
891.0,13.810830059989424,0.49840523554021315
892.0,13.826330430427124,0.5281030082259424
893.0,13.841830800864821,0.5209217098416241
894.0,13.857331171302521,0.23602107953929033
895.0,13.872831541740219,0.47645883288010377
896.0,13.888331912177918,0.4462782060834841
897.0,13.903832282615616,0.06478186651099191
898.0,13.919332653053315,0.4462013083103733
899.0,13.934833023491013,0.4491734649506042
900.0,13.950333393928712,0.5841649353797361
901.0,13.96583376436641,0.4747448560305284
902.0,13.981334134804108,0.45129963047808275
903.0,13.996834505241807,0.32416741537074173
904.0,14.012334875679505,0.7567960777968303
905.0,14.027835246117204,0.5457205057766248
906.0,14.043335616554902,0.470198954405222
907.0,14.058835986992603,0.5159410259771208
908.0,14.074336357430301,0.5388003155372548
909.0,14.089836727868,0.7647414329139061
910.0,14.105337098305698,0.3210207135636646
911.0,14.120837468743398,0.9674861045623724
912.0,14.136337839181095,0.6004343654153478
913.0,14.151838209618795,0.039930636954313085
914.0,14.167338580056493,0.032257293592412875
915.0,14.182838950494192,0.5614638016387609
916.0,14.19833932093189,0.48199739494989285
917.0,14.21383969136959,0.4826024869281246
918.0,14.229340061807287,0.8362353986200106
919.0,14.244840432244985,0.13008416955870636
920.0,14.260340802682684,0.04794603527510495
921.0,14.275841173120382,0.4423857254791371
922.0,14.291341543558081,0.9677419715290474
923.0,14.306841913995779,0.3942463199493718
924.0,14.322342284433478,0.5298887060807058
925.0,14.337842654871176,0.09130119541390144
926.0,14.353343025308876,0.4911558860104208
927.0,14.368843395746573,0.6423735188127724
928.0,14.384343766184273,0.3353684829196593
929.0,14.39984413662197,0.4219719286343713
930.0,14.41534450705967,0.6085462223125789
931.0,14.430844877497368,0.45989319685885877
932.0,14.446345247935067,0.5103995763354211
933.0,14.461845618372765,0.03235159878965732
934.0,14.477345988810464,0.5249122914186888
935.0,14.492846359248162,0.9190643478852932
936.0,14.50834672968586,0.10192864097357586
937.0,14.52384710012356,0.47321535323211306
938.0,14.539347470561257,0.393718819884883
939.0,14.554847840998956,0.5595020956841836
940.0,14.570348211436654,0.4589766100802556
941.0,14.585848581874354,0.522496023403534
942.0,14.601348952312051,0.032257293592412875
943.0,14.61684932274975,0.47164196809570863
944.0,14.632349693187448,0.547271261363649
945.0,14.647850063625148,0.7621097005940568
946.0,14.663350434062846,0.5183817649247092
947.0,14.678850804500545,0.5230460573697265
948.0,14.694351174938243,0.4373541559209013
949.0,14.709851545375942,0.570120006799551
950.0,14.72535191581364,0.041854870961345464
951.0,14.74085228625134,0.9289034821574762
952.0,14.756352656689037,0.5171556645073985
953.0,14.771853027126737,0.914726781602494
954.0,14.787353397564434,0.48409671483028743
955.0,14.802853768002132,0.6536120287258523
956.0,14.818354138439831,0.4873273872278788
957.0,14.833854508877529,0.7851109444390704
958.0,14.84935487931523,0.5599973220345777
959.0,14.864855249752928,0.49273677088070644
960.0,14.880355620190628,0.499354149683811
961.0,14.895855990628325,0.8004333429289437
962.0,14.911356361066025,0.49987975149088837
963.0,14.926856731503722,0.3025884579337199
964.0,14.942357101941422,0.41527812853064294
965.0,14.95785747237912,0.861763620439226
966.0,14.973357842816819,0.4891933010035394
967.0,14.988858213254517,0.5
968.0,15.004358583692216,0.5108066989964606
969.0,15.019858954129914,0.13823637956077395
970.0,15.035359324567613,0.5847218714693571
971.0,15.050859695005311,0.6974115420662801
972.0,15.066360065443009,0.5001202485091116
973.0,15.081860435880708,0.19956665707105625
974.0,15.097360806318406,0.500645850316189
975.0,15.112861176756105,0.5072632291192936
976.0,15.128361547193803,0.44000267796542225
977.0,15.143861917631503,0.21488905556092963
978.0,15.1593622880692,0.5126726127721212
979.0,15.1748626585069,0.34638797127414767
980.0,15.190363028944597,0.5159032851697125
981.0,15.205863399382297,0.08527321839750601
982.0,15.221363769819995,0.48284433549260153
983.0,15.236864140257694,0.0710965178425238
984.0,15.252364510695392,0.9581451290386546
985.0,15.267864881133091,0.429879993200449
986.0,15.283365251570789,0.5626458440790987
987.0,15.298865622008488,0.47695394263027346
988.0,15.314365992446186,0.4816182350752908
989.0,15.329866362883884,0.2378902994059432
990.0,15.345366733321583,0.452728738636351
991.0,15.360867103759281,0.5283580319042913
992.0,15.37636747419698,0.9677427064075871
993.0,15.391867844634678,0.47750397659646604
994.0,15.407368215072378,0.5410233899197444
995.0,15.422868585510075,0.44049790431581637
996.0,15.438368955947775,0.606281180115117
997.0,15.453869326385473,0.5267846467678869
998.0,15.469369696823172,0.8980713590264241
999.0,15.48487006726087,0.08093565211470677
1000.0,15.50037043769857,0.4750877085813112
1001.0,15.515870808136267,0.9676484012103427
1002.0,15.531371178573966,0.4896004236645789
1003.0,15.546871549011664,0.5401068031411412
1004.0,15.562371919449363,0.39145377768742107
1005.0,15.577872289887061,0.5780280713656287
1006.0,15.59337266032476,0.6646315170803407
1007.0,15.608873030762458,0.3576264811872276
1008.0,15.624373401200156,0.5088441139895792
1009.0,15.639873771637856,0.9086988045860985
1010.0,15.655374142075555,0.4701112939192942
1011.0,15.670874512513254,0.6057536800506282
1012.0,15.686374882950952,0.032258028470952604
1013.0,15.701875253388652,0.5576142745208629
1014.0,15.71737562382635,0.952053964724895
1015.0,15.732875994264049,0.8699158304412936
1016.0,15.748376364701747,0.16376460137998938
1017.0,15.763876735139446,0.5173975130718754
1018.0,15.779377105577144,0.5180026050501072
1019.0,15.794877476014843,0.43853619836123914
1020.0,15.81037784645254,0.9677427064075871
1021.0,15.82587821689024,0.9600693630456869
1022.0,15.841378587327938,0.3995656345846522
1023.0,15.856878957765637,0.032513895437627616
1024.0,15.872379328203335,0.6789792864363354
1025.0,15.887879698641033,0.23525856708609394
1026.0,15.903380069078732,0.4611996844627452
1027.0,15.91888043951643,0.48405897402287923
1028.0,15.93438080995413,0.5298010455947779
1029.0,15.949881180391827,0.4542794942233752
1030.0,15.965381550829527,0.24320392220316966
1031.0,15.980881921267224,0.6758325846292583
1032.0,15.996382291704924,0.5487003695219173
1033.0,16.01188266214262,0.5252551439694716
1034.0,16.02738303258032,0.4158350646202639
1035.0,16.042883403018017,0.5508265350493958
1036.0,16.05838377345572,0.5537986916896267
1037.0,16.073884143893416,0.9352181334890081
1038.0,16.089384514331115,0.5537217939165159
1039.0,16.104884884768815,0.5235411671198962
1040.0,16.120385255206514,0.7639789204607097
1041.0,16.13588562564421,0.4790782901583759
1042.0,16.15138599608191,0.47189699177405764
1043.0,16.16688636651961,0.5015947644597869
1044.0,16.182386736957305,0.5662209067260668
1045.0,16.197887107395005,0.599383895433008
1046.0,16.213387477832704,0.6839545805639632
1047.0,16.228887848270404,0.9658622335981322
1048.0,16.2443882187081,0.6880990830753839
1049.0,16.2598885891458,0.6353323852744786
1050.0,16.2753889595835,0.5432206980648553
1051.0,16.290889330021198,0.48682303397279536
1052.0,16.306389700458894,0.5243353837458542
1053.0,16.321890070896593,0.4362229094494372
1054.0,16.337390441334293,0.5026960175652286
1055.0,16.352890811771992,0.4656639149108597
1056.0,16.368391182209688,0.4877431843687955
1057.0,16.383891552647388,0.3353742236445866
1058.0,16.399391923085087,0.9603989785624371
1059.0,16.414892293522787,0.3086123061604972
1060.0,16.430392663960482,0.40848738606606383
1061.0,16.445893034398182,0.2926337891005988
1062.0,16.461393404835878,0.49829594388072884
1063.0,16.47689377527358,0.4835164670138883
1064.0,16.492394145711277,0.24820085182796392
1065.0,16.507894516148976,0.6143381065884443
1066.0,16.523394886586672,0.6645903166578226
1067.0,16.538895257024375,0.3400488520490139
1068.0,16.55439562746207,0.5128846073530795
1069.0,16.56989599789977,0.6479941409181191
1070.0,16.585396368337467,0.03229169767682083
1071.0,16.60089673877517,0.46705817554874174
1072.0,16.616397109212866,0.16538444797650476
1073.0,16.631897479650565,0.9677422346454884
1074.0,16.64739785008826,0.2950151120025829
1075.0,16.662898220525964,0.5203716688113613
1076.0,16.67839859096366,0.5800415641928724
1077.0,16.69389896140136,0.6210539548388245
1078.0,16.709399331839055,0.4991056378849432
1079.0,16.724899702276755,0.9450020614281731
1080.0,16.740400072714454,0.3994246711105742
1081.0,16.755900443152154,0.034882424056947636
1082.0,16.77140081358985,0.4245465838345245
1083.0,16.78690118402755,0.21465497180124404
1084.0,16.80240155446525,0.9264157071767993
1085.0,16.817901924902948,0.9667388486594759
1086.0,16.833402295340644,0.842367068863897
1087.0,16.848902665778343,0.45648450213029745
1088.0,16.864403036216046,0.8740944364720693
1089.0,16.879903406653742,0.3795456409139
1090.0,16.895403777091442,0.5597559319568319
1091.0,16.910904147529138,0.5085205754958743
1092.0,16.92640451796684,0.3608810570484696
1093.0,16.941904888404537,0.961861385832895
1094.0,16.957405258842236,0.396384565630457
1095.0,16.972905629279932,0.5498672464811363
1096.0,16.98840599971763,0.5613474501863497
1097.0,17.00390637015533,0.45736615089250743
1098.0,17.01940674059303,0.3047586338719781
1099.0,17.034907111030726,0.4464222063612726
1100.0,17.050407481468426,0.8353248638440379
1101.0,17.065907851906125,0.5409791425047982
1102.0,17.081408222343825,0.515706133166492
1103.0,17.09690859278152,0.5996089174220605
1104.0,17.11240896321922,0.9149446837890457
1105.0,17.12790933365692,0.5120990620606373
1106.0,17.14340970409462,0.03228674946472421
1107.0,17.158910074532315,0.04387213275368618
1108.0,17.174410444970015,0.7758337706941565
1109.0,17.189910815407714,0.5325730846003499
1110.0,17.205411185845414,0.5104057363796526
1111.0,17.22091155628311,0.3488933876781797
1112.0,17.23641192672081,0.461105701373141
1113.0,17.251912297158505,0.5732232303835589
1114.0,17.267412667596208,0.9009719281049077
1115.0,17.282913038033904,0.6768549734402111
1116.0,17.298413408471603,0.5227029845382667
1117.0,17.3139137789093,0.5596245495132104
1118.0,17.329414149347002,0.5317365414784028
1119.0,17.344914519784698,0.8725326405034273
1120.0,17.360414890222398,0.5737000160061454
1121.0,17.375915260660094,0.5152547352767769
1122.0,17.391415631097797,0.20757175295280073
1123.0,17.406916001535492,0.5124330537431396
1124.0,17.422416371973192,0.4696436044634379
1125.0,17.437916742410888,0.575409934322616
1126.0,17.45341711284859,0.4235207919965204
1127.0,17.468917483286287,0.9184226188248225
1128.0,17.484417853723986,0.03864509396804161
1129.0,17.499918224161682,0.493718715392913
1130.0,17.51541859459938,0.46968052604601007
1131.0,17.53091896503708,0.4266457815658239
1132.0,17.54641933547478,0.45167638757685413
1133.0,17.561919705912477,0.5647308916554156
1134.0,17.577420076350176,0.44063613300830085
1135.0,17.592920446787875,0.328262214498688
1136.0,17.608420817225575,0.5093032184013018
1137.0,17.62392118766327,0.521294347102123
1138.0,17.63942155810097,0.2843986724938974
1139.0,17.654921928538673,0.47033875985478524
1140.0,17.67042229897637,0.9677427064075871
1141.0,17.68592266941407,0.036304367427723805
1142.0,17.701423039851765,0.4942599029279947
1143.0,17.716923410289468,0.23143648275009798
1144.0,17.732423780727164,0.6412472596131253
1145.0,17.747924151164863,0.45460718180080106
1146.0,17.76342452160256,0.6753392970111347
1147.0,17.778924892040262,0.5563753556464006
1148.0,17.794425262477958,0.22532083253496393
1149.0,17.809925632915657,0.4564520198854155
1150.0,17.825426003353353,0.4395888190801627
1151.0,17.840926373791053,0.562016867005475
1152.0,17.856426744228752,0.5809715524862646
1153.0,17.871927114666452,0.6797200449961853
1154.0,17.887427485104148,0.8282318533785311
1155.0,17.902927855541847,0.5349591332242545
1156.0,17.918428225979547,0.04665589753585808
1157.0,17.933928596417246,0.644126713163284
1158.0,17.949428966854942,0.7639485063434825
1159.0,17.96492933729264,0.29165512677545036
1160.0,17.98042970773034,0.16400607630841924
1161.0,17.99593007816804,0.46052676544317284
1162.0,18.011430448605736,0.48098755462545983
1163.0,18.026930819043436,0.03373201458006869
1164.0,18.042431189481135,0.07853252523929266
1165.0,18.057931559918835,0.5519764665825992
1166.0,18.07343193035653,0.64484055948549
1167.0,18.08893230079423,0.6812112066574504
1168.0,18.104432671231926,0.5459561519406668
1169.0,18.11993304166963,0.5386669393333019
1170.0,18.135433412107325,0.4658858617951588
1171.0,18.150933782545025,0.40484975297472636
1172.0,18.16643415298272,0.6133622063826444
1173.0,18.181934523420423,0.4368384335716843
1174.0,18.19743489385812,0.43612274001247164
1175.0,18.21293526429582,0.48434493143034274
1176.0,18.228435634733515,0.9091902026842096
1177.0,18.243936005171218,0.08087547750693458
1178.0,18.259436375608914,0.5003935751452344
1179.0,18.274936746046613,0.8486402707354672
1180.0,18.29043711648431,0.4698316664047738
1181.0,18.305937486922012,0.9243229475382866
1182.0,18.321437857359708,0.4861364935894513
1183.0,18.336938227797408,0.03984433097311968
1184.0,18.352438598235103,0.6739095947041649
1185.0,18.367938968672803,0.03307561398173231
1186.0,18.383439339110502,0.5220871134059194
1187.0,18.398939709548202,0.46913012583985525
1188.0,18.414440079985898,0.7112272698229285
1189.0,18.429940450423597,0.034670793609892114
1190.0,18.4454408208613,0.6371214158096843
1191.0,18.460941191298996,0.8785451738456187
1192.0,18.476441561736696,0.4671598891755947
1193.0,18.49194193217439,0.46266342013672435
1194.0,18.507442302612095,0.433862930933966
1195.0,18.52294267304979,0.03225729359241292
1196.0,18.53844304348749,0.7521653330507776
1197.0,18.553943413925186,0.9660585093611906
1198.0,18.56944378436289,0.34300897863519664
1199.0,18.584944154800585,0.28232645323963335
1200.0,18.600444525238284,0.5779557471356509
1201.0,18.61594489567598,0.9677259338564691
1202.0,18.63144526611368,0.7573711242298797
1203.0,18.64694563655138,0.7709308469492425
1204.0,18.66244600698908,0.45780844862834424
1205.0,18.677946377426775,0.8814021426803786
1206.0,18.693446747864474,0.8402510073991777
1207.0,18.708947118302174,0.3748182334308303
1208.0,18.724447488739873,0.36514753774663067
1209.0,18.73994785917757,0.6958577627707969
1210.0,18.75544822961527,0.4939190443535473
1211.0,18.770948600052968,0.4532867781476708
1212.0,18.786448970490667,0.1531296750574257
1213.0,18.801949340928363,0.12395914380902096
1214.0,18.817449711366063,0.32096830972495016
1215.0,18.832950081803762,0.41101313704516096
1216.0,18.84845045224146,0.5415129912338447
1217.0,18.863950822679158,0.8901252291935475
1218.0,18.879451193116857,0.04417549935909426
1219.0,18.894951563554553,0.10594936697678559
1220.0,18.910451933992256,0.9669125210471016
1221.0,18.925952304429952,0.610752566841521
1222.0,18.94145267486765,0.36185120369399604
1223.0,18.956953045305347,0.44972753495213147
1224.0,18.97245341574305,0.6060908033579189
1225.0,18.987953786180746,0.1301967866015259
1226.0,19.003454156618446,0.9660465199820618
1227.0,19.01895452705614,0.5480067895510767
1228.0,19.034454897493845,0.9307431304039995
1229.0,19.04995526793154,0.4478116710974659
1230.0,19.06545563836924,0.3791532953754576
1231.0,19.080956008806936,0.4926537371962083
1232.0,19.09645637924464,0.5342636919131929
1233.0,19.111956749682335,0.37333375179431993
1234.0,19.127457120120035,0.5609398964544874
1235.0,19.14295749055773,0.42691410053775025
1236.0,19.15845786099543,0.5004962892528488
1237.0,19.17395823143313,0.5266328277522353
1238.0,19.18945860187083,0.7186540478429543
1239.0,19.204958972308525,0.5496829555951417
1240.0,19.220459342746224,0.6909449898796867
1241.0,19.235959713183924,0.40861356342972877
1242.0,19.251460083621623,0.5290289398704882
1243.0,19.266960454059323,0.5880866931753445
1244.0,19.28246082449702,0.046943752458804
1245.0,19.29796119493472,0.5439822594901976
1246.0,19.313461565372418,0.9654508189307942
1247.0,19.328961935810117,0.5947973459089122
1248.0,19.344462306247813,0.4830836692320447
1249.0,19.359962676685516,0.7461818206941256
1250.0,19.375463047123212,0.67630264257751
1251.0,19.39096341756091,0.8027403229977708
1252.0,19.406463787998607,0.11819041422374654
1253.0,19.42196415843631,0.5666484892070767
1254.0,19.437464528874006,0.9677427064075871
1255.0,19.452964899311706,0.24825807236298392
1256.0,19.4684652697494,0.516804286947043
1257.0,19.4839656401871,0.3893945004237461
1258.0,19.4994660106248,0.5918201252240852
1259.0,19.5149663810625,0.06501363533143889
1260.0,19.530466751500196,0.03225729359241292
1261.0,19.545967121937895,0.9106436539534043
1262.0,19.561467492375595,0.9629698319970242
1263.0,19.576967862813294,0.5347903689933726
1264.0,19.59246823325099,0.6624386925299562
1265.0,19.60796860368869,0.46607523010666685
1266.0,19.62346897412639,0.2034703955481818
1267.0,19.63896934456409,0.9170374140072853
1268.0,19.654469715001785,0.9677427064075871
1269.0,19.669970085439484,0.7966006634657918
1270.0,19.685470455877184,0.3945582876597292
1271.0,19.700970826314883,0.5404474997980668
1272.0,19.71647119675258,0.631440149046608
1273.0,19.73197156719028,0.48951133482254716
1274.0,19.747471937627974,0.03378982260632846
1275.0,19.762972308065677,0.5572400273275604
1276.0,19.778472678503373,0.5306060784846701
1277.0,19.793973048941073,0.4903441145884212
1278.0,19.80947341937877,0.4554864049758566
1279.0,19.82497378981647,0.93380098332794
1280.0,19.840474160254168,0.449142747941921
1281.0,19.855974530691867,0.4945646867034794
1282.0,19.871474901129563,0.48000835180187384
1283.0,19.886975271567266,0.6670118128803635
1284.0,19.902475642004962,0.9190541681727887
1285.0,19.91797601244266,0.3698837451436643
1286.0,19.933476382880357,0.03233025930198774
1287.0,19.94897675331806,0.47217973197694163
1288.0,19.964477123755756,0.4856220555761199
1289.0,19.979977494193456,0.5525030826611844
1290.0,19.99547786463115,0.11983631547143958
1291.0,20.01097823506885,0.8444579835614331
1292.0,20.02647860550655,0.5216441851064422
1293.0,20.04197897594425,0.5902135867959764
1294.0,20.057479346381946,0.6796400440437289
1295.0,20.072979716819646,0.4253132444469109
1296.0,20.08848008725735,0.490417318630032
1297.0,20.103980457695044,0.18153337078850573
1298.0,20.119480828132744,0.03225729359241292
1299.0,20.13498119857044,0.967439840990417
1300.0,20.150481569008143,0.5971491763172014
1301.0,20.16598193944584,0.4393632981292389
1302.0,20.18148230988354,0.5721309493503275
1303.0,20.196982680321234,0.9677427064075871
1304.0,20.212483050758937,0.344677555356003
1305.0,20.227983421196633,0.9677427064059697
1306.0,20.243483791634333,0.03517129070619118
1307.0,20.25898416207203,0.38216158841589154
1308.0,20.274484532509728,0.16235636006639909
1309.0,20.289984902947428,0.6561513816123757
1310.0,20.305485273385127,0.44992725343418105
1311.0,20.320985643822823,0.09318758734774424
1312.0,20.336486014260522,0.41176486583750826
1313.0,20.351986384698222,0.2283438111666266
1314.0,20.36748675513592,0.5052726299437671
1315.0,20.382987125573617,0.5026361461990998
1316.0,20.398487496011317,0.9623718869047303
1317.0,20.413987866449016,0.4906054625784253
1318.0,20.429488236886716,0.5718582383899362
1319.0,20.44498860732441,0.2952163895726323
1320.0,20.46048897776211,0.12901783019400048
1321.0,20.47598934819981,0.7411507784297158
1322.0,20.49148971863751,0.9654268545117392
1323.0,20.506990089075206,0.7046612284368393
1324.0,20.522490459512905,0.4433264778078243
1325.0,20.5379908299506,0.9677427064075871
1326.0,20.553491200388304,0.21733563760503527
1327.0,20.568991570826,0.9458746618596646
1328.0,20.5844919412637,0.62955878702086
1329.0,20.599992311701396,0.39267257277948053
1330.0,20.6154926821391,0.8869602429717047
1331.0,20.630993052576795,0.9461877510574064
1332.0,20.646493423014494,0.7315896714795973
1333.0,20.66199379345219,0.4874902691066717
1334.0,20.677494163889893,0.3892170010210835
1335.0,20.69299453432759,0.44643303103740295
1336.0,20.70849490476529,0.03225729359241292
1337.0,20.723995275202984,0.8040993150909124
1338.0,20.739495645640687,0.3456992503005567
1339.0,20.754996016078383,0.6475767463580289
1340.0,20.770496386516083,0.7976234861518717
1341.0,20.78599675695378,0.24393081594175847
1342.0,20.801497127391478,0.03301759657920278
1343.0,20.816997497829178,0.0322573762313797
1344.0,20.832497868266877,0.3592826832683823
1345.0,20.847998238704573,0.2768889321950473
1346.0,20.863498609142272,0.943444387013167
1347.0,20.878998979579976,0.691758801225583
1348.0,20.89449935001767,0.6107364984862136
1349.0,20.90999972045537,0.3415878937532363
1350.0,20.925500090893067,0.460059521881946
1351.0,20.94100046133077,0.5940722189310942
1352.0,20.956500831768466,0.42280845017336366
1353.0,20.972001202206165,0.7308366840830514
1354.0,20.98750157264386,0.14049478753155575
1355.0,21.003001943081564,0.7823483966923651
1356.0,21.01850231351926,0.9677138431310018
1357.0,21.03400268395696,0.6224443993344075
1358.0,21.049503054394656,0.9453581935972826
1359.0,21.06500342483236,0.4509272638545955
1360.0,21.080503795270054,0.5146609801222805
1361.0,21.096004165707754,0.4838927523328507
1362.0,21.11150453614545,0.9168579786003777
1363.0,21.12700490658315,0.41484389012591105
1364.0,21.14250527702085,0.6738985444536876
1365.0,21.15800564745855,0.6194142223037571
1366.0,21.173506017896244,0.4409859134907256
1367.0,21.189006388333944,0.22672887325936297
1368.0,21.204506758771643,0.9627455833735892
1369.0,21.220007129209343,0.29096435875158644
1370.0,21.23550749964704,0.03225729359241292
1371.0,21.251007870084738,0.47000061374094104
1372.0,21.266508240522437,0.5249698599136263
1373.0,21.282008610960137,0.94114861875464
1374.0,21.297508981397833,0.5211356763356192
1375.0,21.313009351835532,0.4090240481537535
1376.0,21.328509722273232,0.04595089288571641
1377.0,21.34401009271093,0.7410756703674586
1378.0,21.359510463148627,0.8679452688350345
1379.0,21.375010833586327,0.08310179443779941
1380.0,21.390511204024023,0.5887467755949314
1381.0,21.406011574461726,0.12298629438910291
1382.0,21.42151194489942,0.7941493028245314
1383.0,21.43701231533712,0.2511574412281159
1384.0,21.452512685774817,0.33702239883840246
1385.0,21.46801305621252,0.5517909967190535
1386.0,21.483513426650216,0.7655014718062632
1387.0,21.499013797087915,0.9677421289866578
1388.0,21.51451416752561,0.9672157478608371
1389.0,21.530014537963314,0.9057493749532046
1390.0,21.54551490840101,0.9677425145280398
1391.0,21.56101527883871,0.7974770658332422
1392.0,21.576515649276406,0.44316085488383883
1393.0,21.59201601971411,0.09796082653082738
1394.0,21.607516390151805,0.16592375519430314
1395.0,21.623016760589504,0.7293443569965934
1396.0,21.6385171310272,0.39947956943010465
1397.0,21.6540175014649,0.7376073360410813
1398.0,21.669517871902602,0.9656227934395709
1399.0,21.6850182423403,0.960441757789981
1400.0,21.700518612777998,0.2618353955059516
1401.0,21.716018983215694,0.03373487897786254
1402.0,21.731519353653397,0.851732715636054
1403.0,21.747019724091093,0.14749687827355817
1404.0,21.762520094528792,0.878438620608079
1405.0,21.778020464966488,0.46166395419745654
1406.0,21.79352083540419,0.03504609416784232
1407.0,21.809021205841887,0.03447423350984946
1408.0,21.824521576279587,0.6673085174379323
1409.0,21.840021946717282,0.34690681612158103
1410.0,21.855522317154986,0.9594180211883316
1411.0,21.87102268759268,0.060233340441746885
1412.0,21.88652305803038,0.45129789040022295
1413.0,21.902023428468077,0.9435343015427291
1414.0,21.917523798905776,0.9677285684782331
1415.0,21.933024169343476,0.6345380914110074
1416.0,21.948524539781175,0.03291783845563501
1417.0,21.96402491021887,0.15213220221107515
1418.0,21.97952528065657,0.3155152083485393
1419.0,21.99502565109427,0.2750647498003024
1420.0,22.01052602153197,0.3020452626926756
1421.0,22.026026391969665,0.8643991886565845
1422.0,22.041526762407365,0.6434034542677884
1423.0,22.057027132845064,0.46511286995371437
1424.0,22.072527503282764,0.2654695406610692
1425.0,22.08802787372046,0.8958807169618882
1426.0,22.10352824415816,0.9339790957385432
1427.0,22.11902861459586,0.5496823060828364
1428.0,22.13452898503356,0.6426694649774032
1429.0,22.150029355471254,0.7516865614580631
1430.0,22.165529725908954,0.8901138123682729
1431.0,22.18103009634665,0.5805447372156323
1432.0,22.196530466784353,0.4468180520016892
1433.0,22.21203083722205,0.8930186129337844
1434.0,22.227531207659748,0.9090766935055755
1435.0,22.243031578097444,0.7967998137696737
1436.0,22.258531948535147,0.9043479340523592
1437.0,22.274032318972843,0.7213949999245068
1438.0,22.289532689410542,0.9589972754245419
1439.0,22.30503305984824,0.751466425559391
1440.0,22.32053343028594,0.09322514797138204
1441.0,22.336033800723637,0.032389594560054746
1442.0,22.351534171161337,0.39930643146287315
1443.0,22.367034541599033,0.9676410034697568
1444.0,22.382534912036736,0.5305000921845603
1445.0,22.39803528247443,0.4799063064962923
1446.0,22.41353565291213,0.08660362387330711
1447.0,22.429036023349827,0.03600069428758612
1448.0,22.444536393787526,0.9476219465019031
1449.0,22.46003676422523,0.9449525831716997
1450.0,22.475537134662925,0.618287272846141
1451.0,22.491037505100625,0.4075009868066989
1452.0,22.50653787553832,0.8100478662812594
1453.0,22.522038245976024,0.9658217012456998
1454.0,22.53753861641372,0.9440511941766295
1455.0,22.55303898685142,0.21582167337751457
1456.0,22.568539357289115,0.15634282929816234
1457.0,22.584039727726818,0.15532488525989774
1458.0,22.599540098164514,0.043960971930309456
1459.0,22.615040468602214,0.1479316954137797
1460.0,22.63054083903991,0.41179233829455886
1461.0,22.646041209477612,0.47491291247367307
1462.0,22.66154157991531,0.037399815880784004
1463.0,22.677041950353008,0.8308715003332212
1464.0,22.692542320790704,0.4949143346278776
1465.0,22.708042691228407,0.03225729359241292
1466.0,22.723543061666103,0.22111378611532806
1467.0,22.739043432103802,0.9622464950499163
1468.0,22.754543802541498,0.6728281649961594
1469.0,22.770044172979198,0.9676970754364379
1470.0,22.785544543416897,0.43208745307341234
1471.0,22.801044913854597,0.4485681930455069
1472.0,22.816545284292292,0.3174805155862286
1473.0,22.832045654729992,0.9623822835176412
1474.0,22.84754602516769,0.46513284608648175
1475.0,22.86304639560539,0.8989675005000576
1476.0,22.878546766043087,0.6374781528484017
1477.0,22.894047136480786,0.4827510198553202
1478.0,22.909547506918486,0.7848571720463151
1479.0,22.925047877356185,0.5617360126657969
1480.0,22.94054824779388,0.15853634308573872
1481.0,22.95604861823158,0.5934794813477142
1482.0,22.97154898866928,0.5829864011601128
1483.0,22.98704935910698,0.9664542261879716
1484.0,23.002549729544675,0.917956943942659
1485.0,23.018050099982375,0.5722172203982747
1486.0,23.03355047042007,0.04062808590047795
1487.0,23.049050840857774,0.4253401486979208
1488.0,23.06455121129547,0.6408705236242815
1489.0,23.08005158173317,0.8903909071656136
1490.0,23.095551952170865,0.44506285963225756
1491.0,23.11105232260857,0.9572921364049922
1492.0,23.126552693046264,0.6791907085951052
1493.0,23.142053063483964,0.5238562596451763
1494.0,23.15755343392166,0.9053359021173235
1495.0,23.173053804359363,0.22548257018662232
1496.0,23.18855417479706,0.6591520868796776
1497.0,23.204054545234758,0.8922875328494168
1498.0,23.219554915672454,0.3928231618337311
1499.0,23.235055286110157,0.9677427064075871
1500.0,23.250555656547853,0.9648652080455302
1501.0,23.266056026985552,0.03225729359241292
1502.0,23.281556397423252,0.8885882678937994
1503.0,23.297056767860948,0.6886079503458845
1504.0,23.31255713829865,0.9677427064075871
1505.0,23.328057508736347,0.9608608087666328
1506.0,23.343557879174046,0.6734445028076013
1507.0,23.359058249611742,0.9673648780336602
1508.0,23.374558620049445,0.07671510086242117
1509.0,23.39005899048714,0.9624103821172431
1510.0,23.40555936092484,0.3051273607461943
1511.0,23.421059731362536,0.1686663736674291
1512.0,23.43656010180024,0.2485088021377534
1513.0,23.452060472237935,0.9211358993937192
1514.0,23.467560842675635,0.9677427064075871
1515.0,23.48306121311333,0.88965231887375
1516.0,23.498561583551034,0.9543308934003423
1517.0,23.51406195398873,0.9610368783003984
1518.0,23.52956232442643,0.7128881146526296
1519.0,23.545062694864125,0.9662319596367777
1520.0,23.560563065301825,0.7291862875532223
1521.0,23.576063435739524,0.22273276739967574
1522.0,23.591563806177223,0.6606168162626844
1523.0,23.60706417661492,0.03295490791096134
1524.0,23.62256454705262,0.8854451354662366
1525.0,23.63806491749032,0.037655200135861766
1526.0,23.653565287928018,0.944491194482359
1527.0,23.669065658365714,0.21406168781143464
1528.0,23.684566028803413,0.10704290501950886
1529.0,23.700066399241113,0.9658396172105208
1530.0,23.715566769678812,0.9299807817756217
1531.0,23.731067140116508,0.037077401590590586
1532.0,23.746567510554208,0.9677423542740089
1533.0,23.762067880991907,0.8301928690373408
1534.0,23.777568251429607,0.5211567425351273
1535.0,23.793068621867302,0.9677415892177583
1536.0,23.808568992305002,0.1509762631894206
1537.0,23.824069362742698,0.6866394180626056
1538.0,23.8395697331804,0.9676795302253602
1539.0,23.855070103618097,0.9677384465789837
1540.0,23.870570474055796,0.3454767154253431
1541.0,23.886070844493492,0.2542369565784638
1542.0,23.901571214931195,0.5367686188448617
1543.0,23.91707158536889,0.6179018330022674
1544.0,23.93257195580659,0.8539136097414464
1545.0,23.948072326244287,0.20081934784237132
1546.0,23.96357269668199,0.03258449399067931
1547.0,23.979073067119685,0.051403217442329674
1548.0,23.994573437557385,0.7434464337362923
1549.0,24.01007380799508,0.5174540289314808
1550.0,24.025574178432784,0.5322997937980336
1551.0,24.04107454887048,0.4814747724377243
1552.0,24.05657491930818,0.2844116595560968
1553.0,24.072075289745875,0.7525865689780469
1554.0,24.087575660183575,0.9677427064075871
1555.0,24.103076030621278,0.6140845448503183
1556.0,24.118576401058974,0.1379703306297958
1557.0,24.134076771496673,0.2387346232064873
1558.0,24.14957714193437,0.9446616625812114
1559.0,24.165077512372072,0.8532517897474327
1560.0,24.180577882809768,0.2723244540245313
1561.0,24.196078253247467,0.9675673046005036
1562.0,24.211578623685163,0.9677427064075871
1563.0,24.227078994122866,0.9203783040371272
1564.0,24.242579364560562,0.8041626620874008
1565.0,24.25807973499826,0.9383589674309496
1566.0,24.273580105435958,0.967715856795554
1567.0,24.28908047587366,0.8099718496556101
1568.0,24.304580846311357,0.5078872037934228
1569.0,24.320081216749056,0.22616368443397417
1570.0,24.335581587186752,0.9574127306949568
1571.0,24.351081957624455,0.042157238183907486
1572.0,24.36658232806215,0.7764822665879252
1573.0,24.38208269849985,0.8911299736305011
1574.0,24.397583068937546,0.8917779895120427
1575.0,24.413083439375246,0.8817104921556652
1576.0,24.428583809812945,0.9474693991660135
1577.0,24.444084180250645,0.03225729359241292
1578.0,24.45958455068834,0.9677365226980303
1579.0,24.47508492112604,0.958127401446991
1580.0,24.49058529156374,0.9329039100827654
1581.0,24.50608566200144,0.7878705767920521
1582.0,24.521586032439135,0.9419885443476489
1583.0,24.537086402876835,0.03500763371910409
1584.0,24.552586773314534,0.046171977640340756
1585.0,24.568087143752233,0.26818572237429505
1586.0,24.58358751418993,0.9677427064075871
1587.0,24.59908788462763,0.9675643658605448
1588.0,24.61458825506533,0.40905526449927654
1589.0,24.630088625503028,0.054584901803124475
1590.0,24.645588995940724,0.7906153570534282
1591.0,24.661089366378423,0.9239694695139027
1592.0,24.67658973681612,0.966878727632414
1593.0,24.692090107253822,0.9677034802638624
1594.0,24.707590477691518,0.08915865583108906
1595.0,24.723090848129218,0.25292439143379497
1596.0,24.738591218566913,0.9402019728167331
1597.0,24.754091589004616,0.055358391517052574
1598.0,24.769591959442312,0.9671543487602567
1599.0,24.785092329880012,0.9677427064075871
1600.0,24.800592700317708,0.47889236721934114
1601.0,24.81609307075541,0.05039959780452208
1602.0,24.831593441193107,0.8537317401537367
1603.0,24.847093811630806,0.1935348144415282
1604.0,24.862594182068502,0.03225729359241292
1605.0,24.878094552506205,0.819422705085972
1606.0,24.893594922943905,0.26365062730155786
1607.0,24.9090952933816,0.9283122872185657
1608.0,24.9245956638193,0.1259170209523155
1609.0,24.940096034256996,0.6991074114309482
1610.0,24.9555964046947,0.3310206889021037
1611.0,24.971096775132395,0.2072215738433728
1612.0,24.986597145570094,0.5944142414313005
1613.0,25.00209751600779,0.931447917624805
1614.0,25.017597886445493,0.9677427064075871
1615.0,25.03309825688319,0.15159262978337318
1616.0,25.04859862732089,0.9631845434121535
1617.0,25.064098997758585,0.3645430196480437
1618.0,25.079599368196288,0.7373919999346196
1619.0,25.095099738633984,0.191274591603788
1620.0,25.110600109071683,0.40278400038619133
1621.0,25.12610047950938,0.21885375129310136
1622.0,25.141600849947082,0.9677427064075871
1623.0,25.157101220384778,0.9675807905594525
1624.0,25.172601590822477,0.9677427064075871
1625.0,25.188101961260173,0.9665391650618507
1626.0,25.203602331697873,0.03225729359241292
1627.0,25.219102702135572,0.9666512224443053
1628.0,25.23460307257327,0.7346818741268051
1629.0,25.250103443010968,0.20319668891631026
1630.0,25.265603813448667,0.8545626380544522
1631.0,25.281104183886367,0.9505303689939155
1632.0,25.296604554324066,0.5491620414214065
1633.0,25.312104924761762,0.13014616585627514
1634.0,25.32760529519946,0.6154313069858414
1635.0,25.34310566563716,0.46250850140067323
1636.0,25.35860603607486,0.962124389329921
1637.0,25.374106406512556,0.7505620603021953
1638.0,25.389606776950256,0.19291919814707847
1639.0,25.405107147387955,0.9191310278170961
1640.0,25.420607517825655,0.9676935773640631
1641.0,25.43610788826335,0.9677286047464028
1642.0,25.45160825870105,0.9535425145480504
1643.0,25.467108629138746,0.9554252325189627
1644.0,25.48260899957645,0.8823682982020925
1645.0,25.498109370014145,0.801043427384485
1646.0,25.513609740451844,0.7838912035310827
1647.0,25.52911011088954,0.8831920448979214
1648.0,25.544610481327243,0.9677421496669304
1649.0,25.56011085176494,0.10700549745298027
1650.0,25.57561122220264,0.9015243031718263
1651.0,25.591111592640335,0.24794208065121592
1652.0,25.606611963078038,0.7589137121252862
1653.0,25.622112333515734,0.9677427064075871
1654.0,25.637612703953433,0.9677427064075871
1655.0,25.65311307439113,0.6840293846174043
1656.0,25.668613444828832,0.8963506766133632
1657.0,25.68411381526653,0.9677426447776245
1658.0,25.699614185704228,0.21662757791010878
1659.0,25.715114556141927,0.7778849298535099
1660.0,25.730614926579623,0.12232274976898116
1661.0,25.746115297017326,0.9052258864071046
1662.0,25.761615667455022,0.7628228216092775
1663.0,25.77711603789272,0.9672497734011334
1664.0,25.792616408330417,0.818687749411676
1665.0,25.80811677876812,0.03696049743630403
1666.0,25.823617149205816,0.2609492800738258
1667.0,25.839117519643516,0.9303703988003426
1668.0,25.85461789008121,0.831256386146813
1669.0,25.870118260518915,0.9656406234562138
1670.0,25.88561863095661,0.9427466840392733
1671.0,25.90111900139431,0.03273569987956848
1672.0,25.916619371832006,0.5482375358991869
1673.0,25.93211974226971,0.8896027518668992
1674.0,25.947620112707405,0.13852548920872865
1675.0,25.963120483145104,0.9559737866062187
1676.0,25.9786208535828,0.3789515503370512
1677.0,25.994121224020503,0.9623231104117759
1678.0,26.0096215944582,0.2306479762962469
1679.0,26.0251219648959,0.7371514813699384
1680.0,26.040622335333595,0.9289918060423817
1681.0,26.056122705771294,0.03226419736450792
1682.0,26.071623076208994,0.95559518506759
1683.0,26.087123446646693,0.17194933170312565
1684.0,26.10262381708439,0.9677427064075871
1685.0,26.11812418752209,0.9269685915291529
1686.0,26.133624557959788,0.9371297069740125
1687.0,26.149124928397487,0.21035146976669583
1688.0,26.164625298835183,0.9628788770833125
1689.0,26.180125669272883,0.1990306788314561
1690.0,26.195626039710582,0.8475277565188626
1691.0,26.21112641014828,0.2506247435715365
1692.0,26.226626780585978,0.9535040224137417
1693.0,26.242127151023677,0.9677427064075871
1694.0,26.257627521461377,0.9677127103710003
1695.0,26.273127891899076,0.7946743575316834
1696.0,26.288628262336772,0.9258199081743111
1697.0,26.30412863277447,0.9531400665968296
1698.0,26.319629003212167,0.9677426725488264
1699.0,26.33512937364987,0.16686307261812083
1700.0,26.350629744087566,0.9677427064075871
1701.0,26.366130114525266,0.9677427064075871
1702.0,26.38163048496296,0.8910406362465666
1703.0,26.397130855400665,0.08919639916470601
1704.0,26.41263122583836,0.8635975320064605
1705.0,26.42813159627606,0.859329188183475
1706.0,26.443631966713756,0.1279082331252296
1707.0,26.45913233715146,0.057635104606573506
1708.0,26.47463270758916,0.048279326709603776
1709.0,26.490133078026854,0.9330270553496304
1710.0,26.505633448464554,0.9634199429235374
1711.0,26.521133818902253,0.2398404510251574
1712.0,26.536634189339953,0.9337335181768007
1713.0,26.55213455977765,0.8211441161905194
1714.0,26.56763493021535,0.8621768857105038
1715.0,26.583135300653044,0.7942345974631186
1716.0,26.598635671090747,0.9641441770164679
1717.0,26.614136041528443,0.05515975703358289
1718.0,26.629636411966143,0.9626514143384558
1719.0,26.64513678240384,0.850090621035068
1720.0,26.66063715284154,0.12441978595310976
1721.0,26.676137523279237,0.21621978532557073
1722.0,26.691637893716937,0.9672762531017074
1723.0,26.707138264154633,0.9053767141667982
1724.0,26.722638634592336,0.8361897762832641
1725.0,26.738139005030032,0.9489413958022547
1726.0,26.75363937546773,0.959310845534332
1727.0,26.769139745905427,0.24969944716393533
1728.0,26.78464011634313,0.037877608963183707
1729.0,26.800140486780826,0.9628221563293663
1730.0,26.815640857218526,0.9671089055860602
1731.0,26.83114122765622,0.45670393910019924
1732.0,26.84664159809392,0.09184240395385246
1733.0,26.86214196853162,0.9677427064075871
1734.0,26.87764233896932,0.8323790126895186
1735.0,26.893142709407016,0.8404822512109882
1736.0,26.908643079844715,0.9674316048897675
1737.0,26.924143450282415,0.7996734826636396
1738.0,26.939643820720114,0.5363456682697452
1739.0,26.95514419115781,0.6192617850413105
1740.0,26.97064456159551,0.9671347597635851
1741.0,26.98614493203321,0.11157710413432598
1742.0,27.00164530247091,0.33156724992750375
1743.0,27.017145672908605,0.9676289380233941
1744.0,27.032646043346304,0.7668720661257467
1745.0,27.048146413784004,0.747469865005056
1746.0,27.063646784221703,0.051974672544631395
1747.0,27.0791471546594,0.8343066741048477
1748.0,27.0946475250971,0.9649074781767649
1749.0,27.110147895534794,0.9203889074296437
1750.0,27.125648265972497,0.8970350740708425
1751.0,27.141148636410193,0.2264540454405728
1752.0,27.156649006847893,0.8356579402780453
1753.0,27.17214937728559,0.9676809443426716
1754.0,27.18764974772329,0.09456176125814375
1755.0,27.203150118160988,0.9658112927432947
1756.0,27.218650488598687,0.6164002464766338
1757.0,27.234150859036383,0.423774455269053
1758.0,27.249651229474086,0.9677427064075871
1759.0,27.265151599911782,0.9677427064075871
1760.0,27.28065197034948,0.09898754349468608
1761.0,27.29615234078718,0.28501639341820395
1762.0,27.31165271122488,0.9639332928141523
1763.0,27.32715308166258,0.9669429179787603
1764.0,27.342653452100276,0.8658748689655065
1765.0,27.358153822537975,0.24177775215195163
1766.0,27.37365419297567,0.9497248052256213
1767.0,27.389154563413374,0.9530427536760845
1768.0,27.40465493385107,0.9197348544363837
1769.0,27.42015530428877,0.9676454582047381
1770.0,27.435655674726465,0.9400562849082631
1771.0,27.45115604516417,0.03225729359241292
1772.0,27.466656415601864,0.9545421748877547
1773.0,27.482156786039564,0.11573410613098634
1774.0,27.49765715647726,0.9198003439541976
1775.0,27.513157526914963,0.9298352084373503
1776.0,27.52865789735266,0.1496437580918194
1777.0,27.54415826779036,0.2579163624040821
1778.0,27.559658638228054,0.96491419519549
1779.0,27.575159008665757,0.04242642302153521
1780.0,27.590659379103453,0.9677424191553392
1781.0,27.606159749541153,0.9677418333873004
1782.0,27.62166011997885,0.13105752456637998
1783.0,27.63716049041655,0.5607556750054769
1784.0,27.652660860854247,0.4923559056152853
1785.0,27.668161231291947,0.9519605612083994
1786.0,27.683661601729643,0.04369767682773673
1787.0,27.699161972167342,0.8601873654610763
1788.0,27.714662342605042,0.06793934593912021
1789.0,27.73016271304274,0.1404140684257672
1790.0,27.745663083480437,0.324418834302838
1791.0,27.761163453918137,0.7035089628085309
1792.0,27.776663824355836,0.17321215313178906
1793.0,27.792164194793536,0.8910108712998677
1794.0,27.80766456523123,0.9213070463467048
1795.0,27.82316493566893,0.9677121263140805
1796.0,27.83866530610663,0.9429335577698454
1797.0,27.85416567654433,0.7857721412502743
1798.0,27.869666046982026,0.8741757186881643
1799.0,27.885166417419725,0.9061107286525989
1800.0,27.900666787857425,0.9320216764991294
1801.0,27.916167158295124,0.10567292906137526
1802.0,27.93166752873282,0.9677427064075871
1803.0,27.94716789917052,0.9292259379935206
1804.0,27.962668269608216,0.9674866926993795
1805.0,27.97816864004592,0.9674478032624372
1806.0,27.993669010483615,0.13984860995029003
1807.0,28.009169380921314,0.9677427064075871
1808.0,28.02466975135901,0.07758492870540634
1809.0,28.040170121796713,0.9677427064075871
1810.0,28.05567049223441,0.9677427064075871
1811.0,28.07117086267211,0.9633553645451542
1812.0,28.086671233109804,0.9677427064075871
1813.0,28.102171603547507,0.7426881624036527
1814.0,28.117671973985207,0.9284094810541247
1815.0,28.133172344422903,0.9677427064075871
1816.0,28.148672714860602,0.036213068009547156
1817.0,28.1641730852983,0.21410669985525554
1818.0,28.179673455736,0.8208591803503908
1819.0,28.195173826173697,0.8221484415399252
1820.0,28.210674196611397,0.31471105705624525
1821.0,28.226174567049092,0.9078427881266146
1822.0,28.241674937486795,0.9670094513669983
1823.0,28.25717530792449,0.953812888159284
1824.0,28.27267567836219,0.9649982223012616
1825.0,28.288176048799887,0.9230804409431319
1826.0,28.30367641923759,0.9242491143313437
1827.0,28.319176789675286,0.9669342510259752
1828.0,28.334677160112985,0.9676131888011035
1829.0,28.35017753055068,0.9677371752561197
1830.0,28.365677900988384,0.9647698973296606
1831.0,28.38117827142608,0.782135235679541
1832.0,28.39667864186378,0.9298658161937535
1833.0,28.412179012301475,0.9672926111199984
1834.0,28.42767938273918,0.8714865245746588
1835.0,28.443179753176874,0.9653085778264848
1836.0,28.458680123614574,0.27675896993144866
1837.0,28.47418049405227,0.967071200956963
1838.0,28.48968086448997,0.8788350410980416
1839.0,28.50518123492767,0.9668457837211094
1840.0,28.52068160536537,0.9677427064075871
1841.0,28.536181975803064,0.9677427064075871
1842.0,28.551682346240764,0.9458790221164963
1843.0,28.567182716678463,0.8430176173127086
1844.0,28.582683087116163,0.03796302256362427
1845.0,28.59818345755386,0.05523872321090395
1846.0,28.613683827991558,0.9677427064075871
1847.0,28.629184198429257,0.7829226729629929
1848.0,28.644684568866957,0.9675143065882614
1849.0,28.660184939304653,0.9457696836126932
1850.0,28.675685309742352,0.9623152835797376
1851.0,28.69118568018005,0.9493743642369938
1852.0,28.70668605061775,0.7575078665860514
1853.0,28.722186421055447,0.8204628091846772
1854.0,28.737686791493147,0.9665991622366031
1855.0,28.753187161930843,0.6941327804469926
1856.0,28.768687532368546,0.07384826825638979
1857.0,28.78418790280624,0.257202575275295
1858.0,28.79968827324394,0.9661830589465298
1859.0,28.815188643681637,0.9562467624266532
1860.0,28.83068901411934,0.22532460563181445
1861.0,28.846189384557036,0.9474526757502653
1862.0,28.861689754994735,0.16540884406333178
1863.0,28.87719012543243,0.21632104021913456
1864.0,28.892690495870134,0.09426705275298985
1865.0,28.908190866307834,0.9634170033990918
1866.0,28.92369123674553,0.033029111176480885
1867.0,28.93919160718323,0.8973831593141122
1868.0,28.95469197762093,0.9634261239205517
1869.0,28.970192348058628,0.2712146126309245
1870.0,28.985692718496324,0.9677427064075871
1871.0,29.001193088934023,0.04084621362505769
1872.0,29.01669345937172,0.9676927716252314
1873.0,29.032193829809422,0.032259860938079865
1874.0,29.04769420024712,0.9677427063310862
1875.0,29.063194570684818,0.9602786563542335
1876.0,29.078694941122514,0.9677427064075871
1877.0,29.094195311560217,0.03225729359241292
1878.0,29.109695681997913,0.9677392494481457
1879.0,29.125196052435612,0.08318946307523079
1880.0,29.140696422873308,0.8974412650803862
1881.0,29.15619679331101,0.8084214629170002
1882.0,29.171697163748707,0.9449257598956405
1883.0,29.187197534186407,0.837415608672992
1884.0,29.202697904624102,0.056591229366663165
1885.0,29.218198275061805,0.9647974414091566
1886.0,29.2336986454995,0.9677421860979083
1887.0,29.2491990159372,0.9663100225045702
1888.0,29.264699386374897,0.9677427064075871
1889.0,29.2801997568126,0.9587519427976894
1890.0,29.295700127250296,0.8127606856175333
1891.0,29.311200497687995,0.7222385714563943
1892.0,29.32670086812569,0.8379101649984672
1893.0,29.34220123856339,0.05271971380504725
1894.0,29.35770160900109,0.09900123143044626
1895.0,29.37320197943879,0.9299127440101745
1896.0,29.388702349876485,0.9677427064075871
1897.0,29.404202720314185,0.9639725798018483
1898.0,29.419703090751884,0.9014320925496121
1899.0,29.435203461189584,0.9585646992807094
1900.0,29.45070383162728,0.8019216170835167
1901.0,29.46620420206498,0.8572920662591135
1902.0,29.48170457250268,0.9677427064075871
1903.0,29.497204942940378,0.8094559755635904
1904.0,29.512705313378074,0.9676810641554237
1905.0,29.528205683815774,0.8838219268387292
1906.0,29.543706054253473,0.9677427064075871
1907.0,29.559206424691173,0.8515677632828247
1908.0,29.57470679512887,0.9319464834894835
1909.0,29.590207165566568,0.965848242915549
1910.0,29.605707536004264,0.9519875347511022
1911.0,29.621207906441967,0.9677398863143748
1912.0,29.636708276879663,0.12629438272861715
1913.0,29.652208647317362,0.9669815925025582
1914.0,29.667709017755058,0.91531758905641
1915.0,29.68320938819276,0.11856369347123563
1916.0,29.69870975863046,0.9552831175468556
1917.0,29.714210129068157,0.9677427064075871
1918.0,29.729710499505856,0.9677427064075871
1919.0,29.745210869943556,0.9234786608787833
1920.0,29.760711240381255,0.7739165611309511
1921.0,29.77621161081895,0.9572343727900161
1922.0,29.79171198125665,0.920090360403995
1923.0,29.80721235169435,0.9288472175082069
1924.0,29.82271272213205,0.9677427064075871
1925.0,29.838213092569745,0.31464637399622475
1926.0,29.853713463007445,0.40374355482100577
1927.0,29.86921383344514,0.9661120843185815
1928.0,29.884714203882844,0.9453725260172017
1929.0,29.90021457432054,0.4243380918092692
1930.0,29.91571494475824,0.9602091451267373
1931.0,29.931215315195935,0.689651946614322
1932.0,29.946715685633638,0.03225729359241292
1933.0,29.962216056071334,0.042329353086025256
1934.0,29.977716426509033,0.03225729359241292
