structure,pump_intensity_fwhm_nm,purity
periodic,1.3999999999999995,0.7606030716535289
periodic,1.4099999999999995,0.7630954369776514
periodic,1.4199999999999995,0.7655482916750785
periodic,1.4299999999999995,0.767961932733051
periodic,1.4399999999999995,0.7703366599657273
periodic,1.4499999999999995,0.7726727758570535
periodic,1.4599999999999995,0.7749705854053476
periodic,1.4699999999999995,0.7772303959696569
periodic,1.4799999999999995,0.7794525171180049
periodic,1.4899999999999995,0.7816372604775845
periodic,1.4999999999999996,0.7837849395869537
periodic,1.5099999999999996,0.7858958697503421
periodic,1.5199999999999996,0.7879703678940967
periodic,1.5299999999999996,0.7900087524253708
periodic,1.5399999999999996,0.7920113430930543
periodic,1.5499999999999996,0.7939784608510837
periodic,1.5599999999999996,0.7959104277241075
periodic,1.5699999999999996,0.7978075666756068
periodic,1.5799999999999996,0.7996702014784967
periodic,1.5899999999999996,0.8014986565882485
periodic,1.5999999999999996,0.8032932570185817
periodic,1.6099999999999997,0.8050543282197603
periodic,1.6199999999999997,0.8067821959595142
periodic,1.6299999999999997,0.8084771862066273
periodic,1.6399999999999997,0.8101396250172029
periodic,1.6499999999999997,0.81176983842365
periodic,1.6599999999999997,0.8133681523263756
periodic,1.6699999999999997,0.8149348923882412
periodic,1.6799999999999997,0.8164703839317415
periodic,1.6899999999999997,0.8179749518389607
periodic,1.6999999999999997,0.8194489204542971
periodic,1.7099999999999997,0.8208926134899301
periodic,1.7199999999999998,0.822306353934079
periodic,1.7299999999999998,0.8236904639619997
periodic,1.7399999999999998,0.8250452648497508
periodic,1.7499999999999998,0.8263710768906826
periodic,1.7599999999999998,0.8276682193146827
periodic,1.7699999999999998,0.8289370102101105
periodic,1.7799999999999998,0.8301777664484563
periodic,1.7899999999999998,0.8313908036116421
periodic,1.7999999999999998,0.8325764359220096
periodic,1.8099999999999998,0.8337349761749222
periodic,1.8199999999999998,0.8348667356739681
periodic,1.8299999999999998,0.8359720241687489
periodic,1.8399999999999999,0.8370511497951929
periodic,1.8499999999999999,0.8381044190184012
periodic,1.8599999999999999,0.8391321365779523
periodic,1.8699999999999999,0.8401346054356482
periodic,1.88,0.8411121267256804
periodic,1.89,0.8420649997071439
periodic,1.9,0.8429935217188737
periodic,1.91,0.8438979881365827
periodic,1.92,0.8447786923322184
periodic,1.93,0.8456359256355431
periodic,1.94,0.846469977297843
periodic,1.95,0.8472811344577599
periodic,1.96,0.8480696821091964
periodic,1.97,0.8488359030712147
periodic,1.98,0.8495800779599321
periodic,1.99,0.8503024851623286
periodic,2.0,0.8510034008119335
periodic,2.01,0.8516830987663535
periodic,2.02,0.8523418505865641
periodic,2.0300000000000002,0.8529799255179598
periodic,2.04,0.8535975904730745
periodic,2.05,0.8541951100159582
periodic,2.06,0.8547727463481312
periodic,2.0700000000000003,0.8553307592960985
periodic,2.08,0.8558694063003615
periodic,2.09,0.8563889424058754
periodic,2.1,0.856889620253924
periodic,2.1100000000000003,0.8573716900753439
periodic,2.12,0.8578353996850839
periodic,2.13,0.8582809944780107
periodic,2.14,0.8587087174259683
periodic,2.1500000000000004,0.8591188090759965
periodic,2.16,0.8595115075497045
periodic,2.17,0.8598870485437472
periodic,2.18,0.8602456653313398
periodic,2.1900000000000004,0.8605875887648063
periodic,2.2,0.8609130472790935
periodic,2.21,0.8612222668962275
periodic,2.22,0.8615154712306504
periodic,2.2300000000000004,0.8617928814954492
periodic,2.24,0.8620547165093719
periodic,2.25,0.8623011927046544
periodic,2.2600000000000002,0.8625325241355813
periodic,2.2700000000000005,0.862748922487784
periodic,2.2800000000000002,0.8629505970881859
periodic,2.29,0.8631377549156459
periodic,2.3000000000000003,0.8633106006121607
periodic,2.3100000000000005,0.8634693364947205
periodic,2.3200000000000003,0.8636141625676462
periodic,2.33,0.86374527653552
periodic,2.3400000000000003,0.8638628738165721
periodic,2.3500000000000005,0.8639671475565476
periodic,2.3600000000000003,0.8640582886430237
periodic,2.37,0.8641364857201341
periodic,2.3800000000000003,0.8642019252036828
periodic,2.3900000000000006,0.864254791296641
periodic,2.4000000000000004,0.8642952660049583
periodic,2.41,0.864323529153724
periodic,2.4200000000000004,0.8643397584036039
periodic,2.4300000000000006,0.8643441292675601
periodic,2.4400000000000004,0.8643368151278319
periodic,2.45,0.8643179872531389
periodic,2.4600000000000004,0.8642878148161164
periodic,2.4700000000000006,0.8642464649109325
periodic,2.4800000000000004,0.8641941025710927
periodic,2.49,0.8641308907874101
periodic,2.5000000000000004,0.8640569905261122
periodic,2.5100000000000007,0.863972560747083
periodic,2.5200000000000005,0.8638777584222239
periodic,2.5300000000000002,0.863772738553906
periodic,2.5400000000000005,0.8636576541935139
periodic,2.5500000000000007,0.863532656460061
periodic,2.5600000000000005,0.8633978945588687
periodic,2.5700000000000003,0.8632535158002775
periodic,2.5800000000000005,0.8630996656184212
periodic,2.5900000000000007,0.8629364875899971
periodic,2.6000000000000005,0.8627641234530664
periodic,2.6100000000000003,0.8625827131258574
periodic,2.6200000000000006,0.8623923947255547
periodic,2.630000000000001,0.8621933045870817
periodic,2.6400000000000006,0.8619855772818493
periodic,2.6500000000000004,0.8617693456364814
periodic,2.6600000000000006,0.8615447407514926
periodic,2.670000000000001,0.8613118920199178
periodic,2.6800000000000006,0.861070927145895
periodic,2.6900000000000004,0.8608219721631688
periodic,2.7000000000000006,0.8605651514535423
periodic,2.710000000000001,0.8603005877652444
periodic,2.7200000000000006,0.8600284022312161
periodic,2.7300000000000004,0.8597487143873129
periodic,2.7400000000000007,0.8594616421904201
periodic,2.750000000000001,0.8591673020364606
periodic,2.7600000000000007,0.8588658087783078
periodic,2.7700000000000005,0.8585572757436036
periodic,2.7800000000000007,0.858241814752447
periodic,2.790000000000001,0.857919536134983
periodic,2.8000000000000007,0.8575905487488819
periodic,2.8100000000000005,0.8572549599966673
periodic,2.8200000000000007,0.8569128758429733
periodic,2.830000000000001,0.8565644008316219
periodic,2.8400000000000007,0.8562096381026114
periodic,2.8500000000000005,0.8558486894089512
periodic,2.8600000000000008,0.8554816551333878
periodic,2.870000000000001,0.8551086343049619
periodic,2.880000000000001,0.8547297246154605
periodic,2.8900000000000006,0.8543450224357196
periodic,2.900000000000001,0.8539546228317787
periodic,2.910000000000001,0.8535586195809092
periodic,2.920000000000001,0.8531571051874898
periodic,2.9300000000000006,0.852750170898745
periodic,2.940000000000001,0.8523379067203268
periodic,2.950000000000001,0.851920401431778
periodic,2.960000000000001,0.8514977426018123
periodic,2.9700000000000006,0.8510700166034854
periodic,2.980000000000001,0.8506373086291887
periodic,2.990000000000001,0.8501997027055179
periodic,3.000000000000001,0.8497572817079797
periodic,3.0100000000000007,0.8493101273755586
periodic,3.020000000000001,0.8488583203251322
periodic,3.030000000000001,0.8484019400657371
periodic,3.040000000000001,0.8479410650126961
periodic,3.0500000000000007,0.8474757725015826
periodic,3.060000000000001,0.8470061388020544
periodic,3.070000000000001,0.8465322391315249
periodic,3.080000000000001,0.846054147668704
periodic,3.0900000000000007,0.8455719375669685
periodic,3.100000000000001,0.8450856809676175
periodic,3.110000000000001,0.844595449012952
periodic,3.120000000000001,0.8441013118592428
periodic,3.130000000000001,0.8436033386895023
periodic,3.140000000000001,0.8431015977261885
periodic,3.1500000000000012,0.842596156243685
periodic,3.160000000000001,0.8420870805806999
periodic,3.170000000000001,0.8415744361524906
periodic,3.180000000000001,0.841058287462961
periodic,3.1900000000000013,0.840538698116619
periodic,3.200000000000001,0.8400157308303849
periodic,3.210000000000001,0.8394894474452719
periodic,3.220000000000001,0.8389599089379309
periodic,3.2300000000000013,0.8384271754320515
periodic,3.240000000000001,0.8378913062096355
periodic,3.250000000000001,0.8373523597221145
periodic,3.260000000000001,0.8368103936013864
periodic,3.2700000000000014,0.836265464670652
periodic,3.280000000000001,0.8357176289551742
periodic,3.290000000000001,0.8351669416928832
periodic,3.300000000000001,0.8346134573448513
periodic,3.3100000000000014,0.834057229605651
periodic,3.320000000000001,0.8334983114135864
periodic,3.330000000000001,0.8329367549607845
periodic,3.340000000000001,0.8323726117031731
periodic,3.3500000000000014,0.8318059323703414
periodic,3.360000000000001,0.8312367669752607
periodic,3.370000000000001,0.8306651648239061
periodic,3.3800000000000012,0.8300911745247296
periodic,3.3900000000000015,0.8295148439980561
periodic,3.4000000000000012,0.8289362204853105
erf_initial,1.7999999999999994,0.8897575134723976
erf_initial,1.8099999999999994,0.8918340009186249
erf_initial,1.8199999999999994,0.8938808720721023
erf_initial,1.8299999999999994,0.8958982997834013
erf_initial,1.8399999999999994,0.8978864580315538
erf_initial,1.8499999999999994,0.8998455218744457
erf_initial,1.8599999999999994,0.9017756673997515
erf_initial,1.8699999999999994,0.9036770716764246
erf_initial,1.8799999999999994,0.9055499127067744
erf_initial,1.8899999999999995,0.9073943693791089
erf_initial,1.8999999999999995,0.909210621420962
erf_initial,1.9099999999999995,0.910998849352911
erf_initial,1.9199999999999995,0.9127592344429974
erf_initial,1.9299999999999995,0.9144919586617485
erf_initial,1.9399999999999995,0.9161972046378096
erf_initial,1.9499999999999995,0.9178751556141876
erf_initial,1.9599999999999995,0.9195259954051117
erf_initial,1.9699999999999995,0.9211499083535265
erf_initial,1.9799999999999995,0.9227470792892055
erf_initial,1.9899999999999995,0.9243176934874968
erf_initial,1.9999999999999996,0.9258619366287096
erf_initial,2.01,0.9273799947581204
erf_initial,2.0199999999999996,0.9288720542466375
erf_initial,2.0299999999999994,0.930338301752098
erf_initial,2.0399999999999996,0.931778924181199
erf_initial,2.05,0.933194108652097
erf_initial,2.0599999999999996,0.9345840424576213
erf_initial,2.0699999999999994,0.9359489130291577
erf_initial,2.0799999999999996,0.9372889079011582
erf_initial,2.09,0.9386042146763182
erf_initial,2.0999999999999996,0.939895020991374
erf_initial,2.1099999999999994,0.9411615144835648
erf_initial,2.1199999999999997,0.942403882757715
erf_initial,2.13,0.9436223133539923
erf_initial,2.1399999999999997,0.9448169937162676
erf_initial,2.1499999999999995,0.9459881111611366
erf_initial,2.1599999999999997,0.9471358528475743
erf_initial,2.17,0.9482604057472092
erf_initial,2.1799999999999997,0.9493619566152476
erf_initial,2.1899999999999995,0.950440691962005
erf_initial,2.1999999999999997,0.9514967980250829
erf_initial,2.21,0.9525304607421438
erf_initial,2.2199999999999998,0.9535418657243164
erf_initial,2.2299999999999995,0.9545311982302211
erf_initial,2.2399999999999998,0.9554986431405744
erf_initial,2.25,0.9564443849334351
erf_initial,2.26,0.9573686076600227
erf_initial,2.2699999999999996,0.9582714949211446
erf_initial,2.28,0.959153229844206
erf_initial,2.29,0.9600139950608093
erf_initial,2.3,0.9608539726849351
erf_initial,2.3099999999999996,0.9616733442916878
erf_initial,2.32,0.9624722908966251
erf_initial,2.33,0.9632509929356379
erf_initial,2.34,0.9640096302453866
erf_initial,2.3499999999999996,0.964748382044306
erf_initial,2.36,0.9654674269141356
erf_initial,2.37,0.9661669427819982
erf_initial,2.38,0.9668471069030131
erf_initial,2.3899999999999997,0.9675080958434358
erf_initial,2.4,0.9681500854643066
erf_initial,2.41,0.9687732509056285
erf_initial,2.42,0.9693777665710509
erf_initial,2.4299999999999997,0.9699638061130308
erf_initial,2.44,0.970531542418526
erf_initial,2.45,0.9710811475951351
erf_initial,2.46,0.9716127929577512
erf_initial,2.4699999999999998,0.9721266490156664
erf_initial,2.48,0.9726228854601515
erf_initial,2.49,0.9731016711524988
erf_initial,2.5,0.9735631741124955
erf_initial,2.51,0.9740075615073824
erf_initial,2.52,0.9744349996412077
erf_initial,2.5300000000000002,0.9748456539446417
erf_initial,2.54,0.9752396889651967
erf_initial,2.55,0.9756172683578824
erf_initial,2.56,0.9759785548762528
erf_initial,2.5700000000000003,0.9763237103638701
erf_initial,2.58,0.9766528957461513
erf_initial,2.59,0.9769662710226183
erf_initial,2.6,0.9772639952595178
erf_initial,2.6100000000000003,0.9775462265828254
erf_initial,2.62,0.977813122171599
erf_initial,2.63,0.9780648382517305
erf_initial,2.64,0.9783015300900059
erf_initial,2.6500000000000004,0.9785233519885426
erf_initial,2.66,0.9787304572795558
erf_initial,2.67,0.9789229983204663
erf_initial,2.68,0.9791011264893243
erf_initial,2.6900000000000004,0.9792649921805607
erf_initial,2.7,0.979414744801041
erf_initial,2.71,0.979550532766455
erf_initial,2.72,0.9796725034979581
erf_initial,2.7300000000000004,0.9797808034191546
erf_initial,2.74,0.9798755779533391
erf_initial,2.75,0.9799569715210212
erf_initial,2.7600000000000002,0.9800251275377418
erf_initial,2.7700000000000005,0.9800801884121347
erf_initial,2.7800000000000002,0.9801222955442701
erf_initial,2.79,0.9801515893242355
erf_initial,2.8000000000000003,0.9801682091309782
erf_initial,2.8100000000000005,0.9801722933313946
erf_initial,2.8200000000000003,0.9801639792796439
erf_initial,2.83,0.9801434033167007
erf_initial,2.8400000000000003,0.9801107007701398
erf_initial,2.8500000000000005,0.9800660059541305
erf_initial,2.8600000000000003,0.9800094521696489
erf_initial,2.87,0.9799411717049079
erf_initial,2.8800000000000003,0.9798612958359709
erf_initial,2.8900000000000006,0.9797699548275929
erf_initial,2.9000000000000004,0.9796672779342234
erf_initial,2.91,0.9795533934012146
erf_initial,2.9200000000000004,0.9794284284662182
erf_initial,2.9300000000000006,0.9792925093607346
erf_initial,2.9400000000000004,0.9791457613118613
erf_initial,2.95,0.9789883085441898
erf_initial,2.9600000000000004,0.9788202742818749
erf_initial,2.9700000000000006,0.9786417807508585
erf_initial,2.9800000000000004,0.9784529491812458
erf_initial,2.99,0.9782538998098262
erf_initial,3.0000000000000004,0.9780447518827462
erf_initial,3.0100000000000007,0.9778256236583154
erf_initial,3.0200000000000005,0.9775966324099471
erf_initial,3.0300000000000002,0.9773578944292299
erf_initial,3.0400000000000005,0.977109525029129
erf_initial,3.0500000000000007,0.9768516385473069
erf_initial,3.0600000000000005,0.9765843483495549
erf_initial,3.0700000000000003,0.9763077668333546
erf_initial,3.0800000000000005,0.9760220054315257
erf_initial,3.0900000000000007,0.9757271746160142
erf_initial,3.1000000000000005,0.9754233839017401
erf_initial,3.1100000000000003,0.9751107418505768
erf_initial,3.1200000000000006,0.9747893560754163
erf_initial,3.130000000000001,0.9744593332443136
erf_initial,3.1400000000000006,0.9741207790847385
erf_initial,3.1500000000000004,0.9737737983878871
erf_initial,3.1600000000000006,0.9734184950131076
erf_initial,3.170000000000001,0.9730549718923673
erf_initial,3.1800000000000006,0.9726833310348167
erf_initial,3.1900000000000004,0.9723036735314241
erf_initial,3.2000000000000006,0.9719160995596612
erf_initial,3.210000000000001,0.9715207083882803
erf_initial,3.2200000000000006,0.9711175983821206
erf_initial,3.2300000000000004,0.9707068670070087
erf_initial,3.2400000000000007,0.9702886108346899
erf_initial,3.250000000000001,0.9698629255478199
erf_initial,3.2600000000000007,0.9694299059450155
erf_initial,3.2700000000000005,0.9689896459459396
erf_initial,3.2800000000000007,0.9685422385964411
erf_initial,3.290000000000001,0.9680877760737439
erf_initial,3.3000000000000007,0.9676263496916526
erf_initial,3.3100000000000005,0.9671580499058304
erf_initial,3.3200000000000007,0.9666829663190792
erf_initial,3.330000000000001,0.9662011876866805
erf_initial,3.3400000000000007,0.9657128019217469
erf_initial,3.3500000000000005,0.9652178961006189
erf_initial,3.3600000000000008,0.9647165564682817
erf_initial,3.370000000000001,0.9642088684437985
erf_initial,3.380000000000001,0.9636949166257875
erf_initial,3.3900000000000006,0.9631747847979011
erf_initial,3.400000000000001,0.9626485559343326
erf_initial,3.410000000000001,0.9621163122053351
erf_initial,3.420000000000001,0.9615781349827719
erf_initial,3.4300000000000006,0.9610341048456528
erf_initial,3.440000000000001,0.9604843015857039
erf_initial,3.450000000000001,0.9599288042129482
erf_initial,3.460000000000001,0.9593676909612778
erf_initial,3.4700000000000006,0.958801039294052
erf_initial,3.480000000000001,0.9582289259096914
erf_initial,3.490000000000001,0.9576514267472747
erf_initial,3.500000000000001,0.9570686169921402
erf_initial,3.5100000000000007,0.9564805710815013
erf_initial,3.520000000000001,0.955887362710035
erf_initial,3.530000000000001,0.9552890648354898
erf_initial,3.540000000000001,0.9546857496842975
erf_initial,3.5500000000000007,0.954077488757146
erf_initial,3.560000000000001,0.9534643528345944
erf_initial,3.570000000000001,0.9528464119826388
erf_initial,3.580000000000001,0.9522237355583003
erf_initial,3.5900000000000007,0.9515963922151921
erf_initial,3.600000000000001,0.9509644499090758
erf_initial,3.610000000000001,0.9503279759034142
erf_initial,3.620000000000001,0.9496870367749058
erf_initial,3.630000000000001,0.9490416984190093
erf_initial,3.640000000000001,0.9483920260554612
erf_initial,3.6500000000000012,0.9477380842337577
erf_initial,3.660000000000001,0.947079936838662
erf_initial,3.670000000000001,0.9464176470956455
erf_initial,3.680000000000001,0.9457512775763435
erf_initial,3.6900000000000013,0.9450808902040033
erf_initial,3.700000000000001,0.944406546258873
erf_initial,3.710000000000001,0.9437283063836096
erf_initial,3.720000000000001,0.9430462305886609
erf_initial,3.7300000000000013,0.9423603782575952
erf_initial,3.740000000000001,0.9416708081524595
erf_initial,3.750000000000001,0.94097757841908
erf_initial,3.760000000000001,0.9402807465923462
erf_initial,3.7700000000000014,0.9395803696014962
erf_initial,3.780000000000001,0.9388765037753346
erf_initial,3.790000000000001,0.9381692048474685
erf_initial,3.800000000000001,0.9374585279615039
optimized,2.7999999999999994,0.9499494110319769
optimized,2.809999999999999,0.9509133319721248
optimized,2.819999999999999,0.9518639953861944
optimized,2.8299999999999987,0.9528014791880667
optimized,2.8399999999999985,0.9537258611909055
optimized,2.8499999999999983,0.9546372191013797
optimized,2.859999999999998,0.9555356305140077
optimized,2.869999999999998,0.956421172905597
optimized,2.8799999999999977,0.9572939236297895
optimized,2.8899999999999975,0.9581539599117066
optimized,2.8999999999999972,0.959001358842717
optimized,2.909999999999997,0.9598361973752657
optimized,2.919999999999997,0.9606585523178547
optimized,2.9299999999999966,0.9614685003300771
optimized,2.9399999999999964,0.9622661179177787
optimized,2.949999999999996,0.963051481428309
optimized,2.959999999999996,0.9638246670458713
optimized,2.9699999999999958,0.9645857507869616
optimized,2.9799999999999955,0.965334808495904
optimized,2.9899999999999953,0.9660719158404977
optimized,2.999999999999995,0.9667971483077336
optimized,3.009999999999995,0.9675105811996134
optimized,3.0199999999999947,0.968212289629058
optimized,3.0299999999999945,0.9689023485159166
optimized,3.0399999999999943,0.9695808325830423
optimized,3.049999999999994,0.970247816352487
optimized,3.059999999999994,0.9709033741417474
optimized,3.0699999999999936,0.9715475800601352
optimized,3.0799999999999934,0.9721805080052015
optimized,3.089999999999993,0.9728022316592625
optimized,3.099999999999993,0.9734128244860071
optimized,3.1099999999999928,0.9740123597271838
optimized,3.1199999999999926,0.9746009103993654
optimized,3.1299999999999923,0.9751785492908069
optimized,3.139999999999992,0.9757453489583666
optimized,3.149999999999992,0.9763013817245274
optimized,3.1599999999999917,0.9768467196744706
optimized,3.1699999999999915,0.9773814346532401
optimized,3.1799999999999913,0.977905598262996
optimized,3.189999999999991,0.9784192818603102
optimized,3.199999999999991,0.9789225565535684
optimized,3.2099999999999906,0.9794154932004153
optimized,3.2199999999999904,0.9798981624053127
optimized,3.22999999999999,0.9803706345171176
optimized,3.23999999999999,0.9808329796267726
optimized,3.24999999999999,0.9812852675650516
optimized,3.2599999999999896,0.9817275679003584
optimized,3.2699999999999894,0.9821599499366173
optimized,3.279999999999989,0.9825824827112228
optimized,3.289999999999989,0.9829952349930384
optimized,3.2999999999999887,0.9833982752804912
optimized,3.3099999999999885,0.9837916717996918
optimized,3.3199999999999883,0.9841754925026611
optimized,3.329999999999988,0.9845498050655761
optimized,3.339999999999988,0.9849146768871094
optimized,3.3499999999999877,0.9852701750868108
optimized,3.3599999999999874,0.9856163665035582
optimized,3.3699999999999872,0.9859533176940593
optimized,3.379999999999987,0.9862810949314177
optimized,3.389999999999987,0.986599764203746
optimized,3.3999999999999866,0.9869093912128553
optimized,3.4099999999999864,0.9872100413729736
optimized,3.419999999999986,0.9875017798095357
optimized,3.429999999999986,0.9877846713580262
optimized,3.4399999999999857,0.9880587805628648
optimized,3.4499999999999855,0.9883241716763496
optimized,3.4599999999999853,0.988580908657663
optimized,3.469999999999985,0.9888290551718993
optimized,3.479999999999985,0.9890686745891739
optimized,3.4899999999999847,0.9892998299837584
optimized,3.4999999999999845,0.9895225841332693
optimized,3.5099999999999842,0.9897369995179189
optimized,3.519999999999984,0.9899431383197803
optimized,3.529999999999984,0.9901410624221364
optimized,3.5399999999999836,0.990330833408842
optimized,3.5499999999999834,0.9905125125637421
optimized,3.559999999999983,0.9906861608701446
optimized,3.569999999999983,0.9908518390103096
optimized,3.5799999999999828,0.9910096073650126
optimized,3.5899999999999825,0.99115952601312
optimized,3.5999999999999823,0.9913016547312181
optimized,3.609999999999982,0.9914360529932869
optimized,3.619999999999982,0.9915627799704001
optimized,3.6299999999999817,0.9916818945304758
optimized,3.6399999999999815,0.9917934552380537
optimized,3.6499999999999813,0.9918975203541165
optimized,3.659999999999981,0.9919941478359459
optimized,3.669999999999981,0.9920833953370205
optimized,3.6799999999999806,0.9921653202069223
optimized,3.6899999999999804,0.9922399794913258
optimized,3.69999999999998,0.992307429931967
optimized,3.70999999999998,0.9923677279666835
optimized,3.7199999999999798,0.9924209297294734
optimized,3.7299999999999796,0.9924670910505826
optimized,3.7399999999999793,0.992506267456629
optimized,3.749999999999979,0.9925385141707583
optimized,3.759999999999979,0.992563886112822
optimized,3.7699999999999787,0.9925824378995983
optimized,3.7799999999999785,0.9925942238450196
optimized,3.7899999999999783,0.992599297960458
optimized,3.799999999999978,0.99259771395501
optimized,3.809999999999978,0.9925895252358227
optimized,3.8199999999999776,0.9925747849084531
optimized,3.8299999999999774,0.992553545777229
optimized,3.839999999999977,0.9925258603456679
optimized,3.849999999999977,0.9924917808168925
optimized,3.859999999999977,0.9924513590940821
optimized,3.8699999999999766,0.9924046467809564
optimized,3.8799999999999764,0.9923516951822596
optimized,3.889999999999976,0.992292555304296
optimized,3.899999999999976,0.992227277855463
optimized,3.9099999999999757,0.9921559132468185
optimized,3.9199999999999755,0.9920785115926698
optimized,3.9299999999999753,0.9919951227111775
optimized,3.939999999999975,0.9919057961249875
optimized,3.949999999999975,0.991810581061868
optimized,3.9599999999999747,0.9917095264553897
optimized,3.9699999999999744,0.9916026809456004
optimized,3.9799999999999742,0.9914900928797363
optimized,3.989999999999974,0.9913718103129384
optimized,3.999999999999974,0.9912478810089937
optimized,4.009999999999973,0.9911183524410981
optimized,4.019999999999973,0.9909832717926167
optimized,4.029999999999973,0.9908426859578902
optimized,4.0399999999999725,0.9906966415430227
optimized,4.049999999999972,0.9905451848667189
optimized,4.059999999999972,0.990388361961113
optimized,4.069999999999972,0.9902262185726177
optimized,4.079999999999972,0.9900588001627926
optimized,4.089999999999971,0.9898861519092249
optimized,4.099999999999971,0.9897083187064133
optimized,4.109999999999971,0.9895253451666918
optimized,4.119999999999971,0.9893372756211262
optimized,4.129999999999971,0.9891441541204624
optimized,4.13999999999997,0.9889460244360581
optimized,4.14999999999997,0.9887429300608466
optimized,4.15999999999997,0.9885349142102979
optimized,4.16999999999997,0.9883220198233951
optimized,4.1799999999999695,0.9881042895636265
optimized,4.189999999999969,0.98788176581998
optimized,4.199999999999969,0.9876544907079572
optimized,4.209999999999969,0.9874225060705774
optimized,4.219999999999969,0.9871858534794257
optimized,4.2299999999999685,0.986944574235676
optimized,4.239999999999968,0.98669870937113
optimized,4.249999999999968,0.9864482996492939
optimized,4.259999999999968,0.9861933855664203
optimized,4.269999999999968,0.9859340073525801
optimized,4.279999999999967,0.9856702049727515
optimized,4.289999999999967,0.9854020181278934
optimized,4.299999999999967,0.985129486256045
optimized,4.309999999999967,0.9848526485334159
optimized,4.3199999999999665,0.9845715438755078
optimized,4.329999999999966,0.9842862109382031
optimized,4.339999999999966,0.9839966881188993
optimized,4.349999999999966,0.9837030135576286
optimized,4.359999999999966,0.9834052251381864
optimized,4.3699999999999655,0.983103360489262
optimized,4.379999999999965,0.9827974569855817
optimized,4.389999999999965,0.98248755174905
optimized,4.399999999999965,0.9821736816499038
optimized,4.409999999999965,0.9818558833078592
optimized,4.419999999999964,0.9815341930932675
optimized,4.429999999999964,0.9812086471282826
optimized,4.439999999999964,0.9808792812880196
optimized,4.449999999999964,0.9805461312017285
optimized,4.4599999999999635,0.9802092322539601
optimized,4.469999999999963,0.9798686195857396
optimized,4.479999999999963,0.9795243280957515
optimized,4.489999999999963,0.9791763924415127
optimized,4.499999999999963,0.9788248470405577
optimized,4.5099999999999625,0.9784697260716193
optimized,4.519999999999962,0.9781110634758184
optimized,4.529999999999962,0.9777488929578576
optimized,4.539999999999962,0.9773832479872032
optimized,4.549999999999962,0.9770141617992828
optimized,4.559999999999961,0.9766416673966706
optimized,4.569999999999961,0.9762657975502974
optimized,4.579999999999961,0.9758865848006257
optimized,4.589999999999961,0.9755040614588705
optimized,4.599999999999961,0.9751182596081709
optimized,4.60999999999996,0.9747292111048119
optimized,4.61999999999996,0.9743369475794029
optimized,4.62999999999996,0.973941500438089
optimized,4.63999999999996,0.9735429008637501
optimized,4.6499999999999595,0.9731411798171862
optimized,4.659999999999959,0.9727363680383377
optimized,4.669999999999959,0.9723284960474611
optimized,4.679999999999959,0.9719175941463436
optimized,4.689999999999959,0.9715036924194959
optimized,4.699999999999958,0.9710868207353479
optimized,4.709999999999958,0.9706670087474405
optimized,4.719999999999958,0.9702442858956325
optimized,4.729999999999958,0.9698186814072843
optimized,4.739999999999958,0.9693902242984573
optimized,4.749999999999957,0.9689589433750989
optimized,4.759999999999957,0.9685248672342457
optimized,4.769999999999957,0.9680880242651931
optimized,4.779999999999957,0.9676484426507042
optimized,4.7899999999999565,0.9672061503681809
optimized,4.799999999999956,0.9667611751908527
