delay_ps,coincidence_norm
-5.0,0.4999999999979748
-4.99,0.4999999999979478
-4.98,0.49999999999792033
-4.970000000000001,0.49999999999789246
-4.960000000000001,0.49999999999786426
-4.950000000000001,0.4999999999978358
-4.940000000000001,0.4999999999978071
-4.9300000000000015,0.4999999999977783
-4.920000000000002,0.49999999999774936
-4.910000000000002,0.4999999999977205
-4.900000000000002,0.4999999999976916
-4.890000000000002,0.49999999999766287
-4.880000000000003,0.49999999999763434
-4.870000000000003,0.4999999999976061
-4.860000000000003,0.49999999999757805
-4.850000000000003,0.4999999999975504
-4.840000000000003,0.4999999999975231
-4.830000000000004,0.4999999999974963
-4.820000000000004,0.49999999999746986
-4.810000000000004,0.4999999999974439
-4.800000000000004,0.4999999999974184
-4.7900000000000045,0.49999999999739336
-4.780000000000005,0.4999999999973688
-4.770000000000005,0.49999999999734474
-4.760000000000005,0.4999999999973211
-4.750000000000005,0.4999999999972979
-4.7400000000000055,0.499999999997275
-4.730000000000006,0.4999999999972525
-4.720000000000006,0.4999999999972302
-4.710000000000006,0.49999999999720823
-4.700000000000006,0.4999999999971864
-4.690000000000007,0.49999999999716477
-4.680000000000007,0.4999999999971432
-4.670000000000007,0.4999999999971216
-4.660000000000007,0.4999999999971
-4.6500000000000075,0.4999999999970782
-4.640000000000008,0.49999999999705635
-4.630000000000008,0.49999999999703426
-4.620000000000008,0.49999999999701183
-4.610000000000008,0.4999999999969891
-4.6000000000000085,0.49999999999696587
-4.590000000000009,0.49999999999694217
-4.580000000000009,0.49999999999691797
-4.570000000000009,0.4999999999968931
-4.560000000000009,0.4999999999968675
-4.55000000000001,0.4999999999968412
-4.54000000000001,0.499999999996814
-4.53000000000001,0.49999999999678585
-4.52000000000001,0.49999999999675665
-4.5100000000000104,0.4999999999967264
-4.500000000000011,0.4999999999966949
-4.490000000000011,0.49999999999666217
-4.480000000000011,0.499999999996628
-4.470000000000011,0.49999999999659234
-4.4600000000000115,0.49999999999655514
-4.450000000000012,0.49999999999651634
-4.440000000000012,0.4999999999964757
-4.430000000000012,0.4999999999964333
-4.420000000000012,0.499999999996389
-4.410000000000013,0.4999999999963427
-4.400000000000013,0.4999999999962944
-4.390000000000013,0.499999999996244
-4.380000000000013,0.4999999999961915
-4.370000000000013,0.4999999999961368
-4.360000000000014,0.49999999999607997
-4.350000000000014,0.4999999999960209
-4.340000000000014,0.4999999999959597
-4.330000000000014,0.4999999999958963
-4.3200000000000145,0.4999999999958307
-4.310000000000015,0.49999999999576306
-4.300000000000015,0.49999999999569333
-4.290000000000015,0.4999999999956216
-4.280000000000015,0.49999999999554795
-4.270000000000016,0.49999999999547245
-4.260000000000016,0.4999999999953953
-4.250000000000016,0.4999999999953165
-4.240000000000016,0.4999999999952363
-4.230000000000016,0.49999999999515476
-4.220000000000017,0.49999999999507216
-4.210000000000017,0.49999999999498856
-4.200000000000017,0.49999999999490424
-4.190000000000017,0.4999999999948194
-4.1800000000000175,0.49999999999473427
-4.170000000000018,0.4999999999946491
-4.160000000000018,0.4999999999945641
-4.150000000000018,0.4999999999944796
-4.140000000000018,0.4999999999943957
-4.1300000000000185,0.4999999999943128
-4.120000000000019,0.49999999999423117
-4.110000000000019,0.49999999999415096
-4.100000000000019,0.4999999999940724
-4.090000000000019,0.4999999999939958
-4.08000000000002,0.4999999999939213
-4.07000000000002,0.4999999999938491
-4.06000000000002,0.4999999999937793
-4.05000000000002,0.4999999999937121
-4.0400000000000205,0.49999999999364747
-4.030000000000021,0.4999999999935856
-4.020000000000021,0.49999999999352635
-4.010000000000021,0.4999999999934698
-4.000000000000021,0.4999999999934158
-3.9900000000000215,0.4999999999933643
-3.9800000000000217,0.4999999999933152
-3.970000000000022,0.4999999999932681
-3.960000000000022,0.499999999993223
-3.9500000000000224,0.49999999999317946
-3.9400000000000226,0.4999999999931372
-3.930000000000023,0.4999999999930959
-3.920000000000023,0.4999999999930552
-3.9100000000000232,0.49999999999301464
-3.9000000000000234,0.4999999999929738
-3.8900000000000237,0.49999999999293215
-3.880000000000024,0.49999999999288924
-3.870000000000024,0.49999999999284456
-3.8600000000000243,0.4999999999927976
-3.8500000000000245,0.4999999999927478
-3.8400000000000247,0.49999999999269457
-3.830000000000025,0.49999999999263744
-3.820000000000025,0.49999999999257577
-3.8100000000000254,0.49999999999250905
-3.8000000000000256,0.49999999999243666
-3.790000000000026,0.4999999999923581
-3.780000000000026,0.49999999999227285
-3.770000000000026,0.4999999999921803
-3.7600000000000264,0.49999999999208
-3.7500000000000266,0.4999999999919715
-3.740000000000027,0.49999999999185424
-3.730000000000027,0.49999999999172784
-3.7200000000000273,0.4999999999915919
-3.7100000000000275,0.4999999999914461
-3.7000000000000277,0.49999999999129013
-3.690000000000028,0.49999999999112366
-3.680000000000028,0.49999999999094663
-3.6700000000000284,0.4999999999907588
-3.6600000000000286,0.49999999999056016
-3.6500000000000288,0.4999999999903507
-3.640000000000029,0.49999999999013056
-3.630000000000029,0.49999999998989986
-3.6200000000000294,0.4999999999896589
-3.6100000000000296,0.499999999989408
-3.60000000000003,0.4999999999891476
-3.59000000000003,0.49999999998887823
-3.5800000000000303,0.4999999999886005
-3.5700000000000305,0.4999999999883151
-3.5600000000000307,0.49999999998802286
-3.550000000000031,0.49999999998772454
-3.540000000000031,0.4999999999874212
-3.5300000000000313,0.49999999998711364
-3.5200000000000315,0.4999999999868031
-3.5100000000000318,0.4999999999864907
-3.500000000000032,0.49999999998617745
-3.490000000000032,0.4999999999858646
-3.4800000000000324,0.4999999999855534
-3.4700000000000326,0.499999999985245
-3.460000000000033,0.49999999998494066
-3.450000000000033,0.49999999998464156
-3.4400000000000333,0.4999999999843489
-3.4300000000000335,0.4999999999840638
-3.4200000000000337,0.4999999999837873
-3.410000000000034,0.4999999999835204
-3.400000000000034,0.49999999998326417
-3.3900000000000343,0.49999999998301925
-3.3800000000000345,0.4999999999827865
-3.3700000000000347,0.49999999998256645
-3.360000000000035,0.49999999998235967
-3.350000000000035,0.4999999999821664
-3.3400000000000354,0.4999999999819868
-3.3300000000000356,0.499999999981821
-3.320000000000036,0.49999999998166866
-3.310000000000036,0.4999999999815296
-3.3000000000000362,0.49999999998140326
-3.2900000000000365,0.49999999998128886
-3.2800000000000367,0.49999999998118555
-3.270000000000037,0.4999999999810922
-3.260000000000037,0.49999999998100747
-3.2500000000000373,0.4999999999809299
-3.2400000000000375,0.49999999998085776
-3.2300000000000377,0.49999999998078914
-3.220000000000038,0.499999999980722
-3.210000000000038,0.499999999980654
-3.2000000000000384,0.49999999998058275
-3.1900000000000386,0.49999999998050565
-3.180000000000039,0.49999999998042
-3.170000000000039,0.4999999999803228
-3.160000000000039,0.4999999999802112
-3.1500000000000394,0.49999999998008204
-3.1400000000000396,0.4999999999799322
-3.13000000000004,0.4999999999797585
-3.12000000000004,0.4999999999795578
-3.1100000000000403,0.49999999997932676
-3.1000000000000405,0.4999999999790623
-3.0900000000000407,0.4999999999787614
-3.080000000000041,0.499999999978421
-3.070000000000041,0.49999999997803835
-3.0600000000000414,0.4999999999776107
-3.0500000000000416,0.4999999999771356
-3.040000000000042,0.499999999976611
-3.030000000000042,0.49999999997603467
-3.020000000000042,0.4999999999754051
-3.0100000000000424,0.49999999997472094
-3.0000000000000426,0.49999999997398115
-2.990000000000043,0.49999999997318506
-2.980000000000043,0.49999999997233235
-2.9700000000000433,0.49999999997142325
-2.9600000000000435,0.4999999999704583
-2.9500000000000437,0.49999999996943834
-2.940000000000044,0.4999999999683649
-2.930000000000044,0.4999999999672397
-2.9200000000000443,0.4999999999660651
-2.9100000000000446,0.4999999999648437
-2.9000000000000448,0.4999999999635787
-2.890000000000045,0.49999999996227357
-2.880000000000045,0.49999999996093225
-2.8700000000000454,0.4999999999595592
-2.8600000000000456,0.49999999995815897
-2.850000000000046,0.49999999995673666
-2.840000000000046,0.49999999995529765
-2.8300000000000463,0.49999999995384753
-2.8200000000000465,0.4999999999523922
-2.8100000000000467,0.49999999995093763
-2.800000000000047,0.49999999994949007
-2.790000000000047,0.49999999994805583
-2.7800000000000473,0.49999999994664124
-2.7700000000000475,0.49999999994525257
-2.7600000000000477,0.499999999943896
-2.750000000000048,0.4999999999425776
-2.740000000000048,0.49999999994130323
-2.7300000000000484,0.4999999999400784
-2.7200000000000486,0.4999999999389081
-2.710000000000049,0.49999999993779715
-2.700000000000049,0.49999999993674965
-2.6900000000000492,0.49999999993576916
-2.6800000000000495,0.49999999993485844
-2.6700000000000497,0.49999999993401967
-2.66000000000005,0.499999999933254
-2.65000000000005,0.4999999999325619
-2.6400000000000503,0.4999999999319426
-2.6300000000000505,0.4999999999313946
-2.6200000000000507,0.49999999993091504
-2.610000000000051,0.49999999993050015
-2.600000000000051,0.4999999999301449
-2.5900000000000514,0.499999999929843
-2.5800000000000516,0.49999999992958705
-2.570000000000052,0.49999999992936833
-2.560000000000052,0.49999999992917693
-2.5500000000000522,0.4999999999290017
-2.5400000000000524,0.4999999999288303
-2.5300000000000527,0.49999999992864924
-2.520000000000053,0.4999999999284438
-2.510000000000053,0.49999999992819827
-2.5000000000000533,0.49999999992789607
-2.4900000000000535,0.4999999999275196
-2.4800000000000537,0.4999999999270504
-2.470000000000054,0.49999999992646954
-2.460000000000054,0.4999999999257574
-2.4500000000000544,0.499999999924894
-2.4400000000000546,0.4999999999238592
-2.430000000000055,0.4999999999226328
-2.420000000000055,0.4999999999211945
-2.410000000000055,0.4999999999195246
-2.4000000000000554,0.4999999999176038
-2.3900000000000556,0.49999999991541355
-2.380000000000056,0.4999999999129361
-2.370000000000056,0.49999999991015504
-2.3600000000000563,0.4999999999070552
-2.3500000000000565,0.499999999903623
-2.3400000000000567,0.49999999989984667
-2.330000000000057,0.4999999998957165
-2.320000000000057,0.49999999989122473
-2.3100000000000573,0.4999999998863661
-2.3000000000000576,0.4999999998811379
-2.2900000000000578,0.49999999987553995
-2.280000000000058,0.49999999986957483
-2.270000000000058,0.49999999986324806
-2.2600000000000584,0.49999999985656807
-2.2500000000000586,0.4999999998495462
-2.240000000000059,0.49999999984219684
-2.230000000000059,0.4999999998345373
-2.2200000000000593,0.49999999982658777
-2.2100000000000595,0.49999999981837134
-2.2000000000000597,0.4999999998099138
-2.19000000000006,0.4999999998012435
-2.18000000000006,0.49999999979239107
-2.1700000000000603,0.49999999978338944
-2.1600000000000605,0.49999999977427334
-2.1500000000000608,0.4999999997650793
-2.140000000000061,0.49999999975584486
-2.130000000000061,0.4999999997466088
-2.1200000000000614,0.49999999973741033
-2.1100000000000616,0.4999999997282888
-2.100000000000062,0.49999999971928344
-2.090000000000062,0.4999999997104327
-2.0800000000000622,0.49999999970177367
-2.0700000000000625,0.499999999693342
-2.0600000000000627,0.49999999968517106
-2.050000000000063,0.49999999967729136
-2.040000000000063,0.49999999966973024
-2.0300000000000633,0.49999999966251124
-2.0200000000000635,0.4999999996556536
-2.0100000000000637,0.49999999964917163
-2.000000000000064,0.4999999996430743
-1.9900000000000642,0.4999999996373647
-1.9800000000000644,0.4999999996320395
-1.9700000000000646,0.49999999962708863
-1.9600000000000648,0.49999999962249475
-1.950000000000065,0.4999999996182328
-1.9400000000000652,0.49999999961426983
-1.9300000000000654,0.49999999961056446
-1.9200000000000657,0.49999999960706665
-1.9100000000000659,0.4999999996037178
-1.900000000000066,0.4999999996004502
-1.8900000000000663,0.4999999995971871
-1.8800000000000665,0.49999999959384267
-1.8700000000000667,0.49999999959032204
-1.860000000000067,0.4999999995865215
-1.8500000000000671,0.4999999995823286
-1.8400000000000674,0.49999999957762237
-1.8300000000000676,0.49999999957227387
-1.8200000000000678,0.4999999995661464
-1.810000000000068,0.4999999995590963
-1.8000000000000682,0.49999999955097346
-1.7900000000000684,0.49999999954162194
-1.7800000000000686,0.49999999953088087
-1.7700000000000689,0.49999999951858537
-1.760000000000069,0.49999999950456764
-1.7500000000000693,0.4999999994886577
-1.7400000000000695,0.4999999994706848
-1.7300000000000697,0.4999999994504786
-1.72000000000007,0.49999999942787055
-1.7100000000000701,0.4999999994026949
-1.7000000000000703,0.49999999937479056
-1.6900000000000706,0.49999999934400224
-1.6800000000000708,0.4999999993101822
-1.670000000000071,0.4999999992731915
-1.6600000000000712,0.49999999923290195
-1.6500000000000714,0.4999999991891972
-1.6400000000000716,0.4999999991419747
-1.6300000000000718,0.4999999990911471
-1.620000000000072,0.4999999990366437
-1.6100000000000723,0.499999998978412
-1.6000000000000725,0.49999999891641894
-1.5900000000000727,0.4999999988506524
-1.580000000000073,0.49999999878112195
-1.5700000000000731,0.4999999987078604
-1.5600000000000733,0.499999998630924
-1.5500000000000735,0.49999999855039345
-1.5400000000000738,0.499999998466374
-1.530000000000074,0.4999999983789956
-1.5200000000000742,0.4999999982884125
-1.5100000000000744,0.4999999981948025
-1.5000000000000746,0.49999999809836604
-1.4900000000000748,0.49999999799932443
-1.480000000000075,0.4999999978979179
-1.4700000000000752,0.49999999779440296
-1.4600000000000755,0.4999999976890493
-1.4500000000000757,0.4999999975821359
-1.4400000000000759,0.49999999747394686
-1.430000000000076,0.4999999973647659
-1.4200000000000763,0.49999999725487126
-1.4100000000000765,0.4999999971445287
-1.4000000000000767,0.49999999703398484
-1.390000000000077,0.49999999692345903
-1.3800000000000772,0.499999996813135
-1.3700000000000774,0.49999999670315126
-1.3600000000000776,0.4999999965935913
-1.3500000000000778,0.49999999648447246
-1.340000000000078,0.499999996375734
-1.3300000000000782,0.49999999626722413
-1.3200000000000784,0.4999999961586856
-1.3100000000000787,0.4999999960497397
-1.3000000000000789,0.4999999959398678
-1.290000000000079,0.49999999582839005
-1.2800000000000793,0.4999999957144398
-1.2700000000000795,0.499999995596932
-1.2600000000000797,0.4999999954745231
-1.25000000000008,0.49999999534555967
-1.2400000000000801,0.4999999952080092
-1.2300000000000804,0.49999999505936776
-1.2200000000000806,0.4999999948965336
-1.2100000000000808,0.4999999947156325
-1.200000000000081,0.49999999451177707
-1.1900000000000812,0.49999999427873115
-1.1800000000000814,0.49999999400844347
-1.1700000000000816,0.4999999936903993
-1.1600000000000819,0.49999999331072054
-1.150000000000082,0.4999999928509179
-1.1400000000000823,0.4999999922861682
-1.1300000000000825,0.49999999158294145
-1.1200000000000827,0.4999999906957435
-1.110000000000083,0.49999998956266317
-1.1000000000000831,0.49999998809930574
-1.0900000000000833,0.4999999861905624
-1.0800000000000836,0.49999998367948756
-1.0700000000000838,0.49999998035232984
-1.060000000000084,0.49999997591846873
-1.0500000000000842,0.4999999699836357
-1.0400000000000844,0.4999999620143216
-1.0300000000000846,0.4999999512906673
-1.0200000000000848,0.4999999368443768
-1.010000000000085,0.4999999173772363
-1.0000000000000853,0.4999998911546378
-0.9900000000000855,0.4999998558670337
-0.9800000000000857,0.49999980845043973
-0.9700000000000859,0.49999974485487975
-0.9600000000000861,0.49999965974697086
-0.9500000000000863,0.499999546129573
-0.9400000000000865,0.4999993948575009
-0.9300000000000868,0.4999991940235973
-0.920000000000087,0.4999989281838964
-0.9100000000000872,0.49999857738403525
-0.9000000000000874,0.4999981159413878
-0.8900000000000876,0.4999975109284671
-0.8800000000000878,0.49999672029285475
-0.870000000000088,0.49999569053716125
-0.8600000000000882,0.49999435386920316
-0.8500000000000885,0.499992624717639
-0.8400000000000887,0.4999903954917092
-0.8300000000000889,0.49998753144549385
-0.8200000000000891,0.49998386448732346
-0.8100000000000893,0.4999791857538202
-0.8000000000000895,0.49997323674576666
-0.7900000000000897,0.4999656987999778
-0.78000000000009,0.499956180648104
-0.7700000000000902,0.4999442037904679
-0.7600000000000904,0.4999291853914892
-0.7500000000000906,0.49991041838396766
-0.7400000000000908,0.49988704845371373
-0.730000000000091,0.4998580475651227
-0.7200000000000912,0.4998221836839123
-0.7100000000000914,0.49977798635718007
-0.7000000000000917,0.4997237078251596
-0.6900000000000919,0.499657279365686
-0.6800000000000921,0.4995762626136394
-0.6700000000000923,0.499477795655774
-0.6600000000000925,0.4993585337785844
-0.6500000000000927,0.49921458484531867
-0.6400000000000929,0.49904143939979245
-0.6300000000000932,0.4988338957407956
-0.6200000000000934,0.49858598038269053
-0.6100000000000936,0.4982908645156563
-0.6000000000000938,0.49794077730260905
-0.590000000000094,0.4975269170977967
-0.5800000000000942,0.4970393619421144
-0.5700000000000944,0.4964669809786931
-0.5600000000000946,0.4957973487344093
-0.5500000000000949,0.495016664522364
-0.5400000000000951,0.4941096795292934
-0.5300000000000953,0.49305963445111606
-0.5200000000000955,0.49184821081884555
-0.5100000000000957,0.4904554994039566
-0.5000000000000959,0.48885998929410335
-0.49000000000009614,0.48703858137320005
-0.48000000000009635,0.4849666300098943
-0.47000000000009656,0.4826180167414666
-0.4600000000000968,0.4799652596222212
-0.450000000000097,0.4769796616739236
-0.4400000000000972,0.4736315015197595
-0.4300000000000974,0.4698902687938179
-0.42000000000009763,0.4657249462895421
-0.41000000000009784,0.46110434004070383
-0.40000000000009805,0.4559974576192072
-0.39000000000009827,0.4503739338922398
-0.3800000000000985,0.4442045023186657
-0.3700000000000987,0.437461508598456
-0.3600000000000989,0.4301194621422314
-0.3500000000000991,0.4221556194286543
-0.34000000000009933,0.4135505918992882
-0.33000000000009955,0.40428896964109384
-0.32000000000009976,0.3943599507685116
-0.3100000000001,0.38375796518423677
-0.3000000000001002,0.3724832803171868
-0.2900000000001004,0.36054257555413816
-0.2800000000001006,0.34794947144351984
-0.2700000000001008,0.3347249993979826
-0.26000000000010104,0.32089799759425036
-0.25000000000010125,0.30650541909497964
-0.24000000000010147,0.2915925389210938
-0.23000000000010168,0.27621304789671486
-0.2200000000001019,0.2604290225749858
-0.2100000000001021,0.24431076242127386
-0.20000000000010232,0.22793648765828728
-0.19000000000010253,0.2113918937298453
-0.18000000000010274,0.19476956116864114
-0.17000000000010296,0.17816822269859273
-0.16000000000010317,0.1616918925937293
-0.15000000000010338,0.14544886657407124
-0.1400000000001036,0.12955060375821742
-0.1300000000001038,0.11411050532235462
-0.12000000000010402,0.09924260744408986
-0.11000000000010424,0.08506020874676568
-0.10000000000010445,0.07167445471988465
-0.09000000000010466,0.059192903396232455
-0.08000000000010488,0.04771809784861519
-0.07000000000010509,0.03734617177502392
-0.0600000000001053,0.028165514531914515
-0.050000000000105516,0.02025552143018522
-0.04000000000010573,0.013685453924766056
-0.030000000000105942,0.00851343252347525
-0.020000000000106155,0.004785582849587244
-0.010000000000106368,0.00253535236977509
-1.0658141036401503e-13,0.0017830119157372093
0.009999999999893205,0.0025353523697426716
0.019999999999892992,0.004785582849523795
0.02999999999989278,0.008513432523380493
0.039999999999892566,0.013685453924640989
0.04999999999989235,0.02025552143003051
0.05999999999989214,0.02816551453173205
0.06999999999989193,0.03734617177481564
0.07999999999989171,0.047718097848382324
0.0899999999998915,0.059192903395976604
0.09999999999989129,0.0716744547196077
0.10999999999989107,0.08506020874647091
0.11999999999989086,0.0992426074437801
0.12999999999989065,0.11411050532203071
0.13999999999989043,0.12955060375788358
0.14999999999989022,0.1454488665737277
0.15999999999989,0.1616918925933798
0.1699999999998898,0.17816822269824006
0.17999999999988958,0.19476956116828675
0.18999999999988937,0.21139189372949108
0.19999999999988916,0.22793648765793573
0.20999999999988894,0.24431076242092659
0.21999999999988873,0.2604290225746447
0.22999999999988852,0.27621304789638224
0.2399999999998883,0.2915925389207702
0.2499999999998881,0.3065054190946671
0.2599999999998879,0.3208979975939481
0.26999999999988766,0.334724999397696
0.27999999999988745,0.3479494714432443
0.28999999999988724,0.36054257555387814
0.299999999999887,0.37248328031693956
0.3099999999998868,0.38375796518400423
0.3199999999998866,0.39435995076829317
0.3299999999998864,0.4042889696408897
0.33999999999988617,0.41355059189909715
0.34999999999988596,0.42215561942847757
0.35999999999988574,0.43011946214206775
0.36999999999988553,0.43746150859830474
0.3799999999998853,0.4442045023185282
0.3899999999998851,0.4503739338921147
0.3999999999998849,0.4559974576190936
0.4099999999998847,0.4611043400406004
0.41999999999988447,0.4657249462894484
0.42999999999988425,0.4698902687937319
0.43999999999988404,0.47363150151968475
0.4499999999998838,0.4769796616738567
0.4599999999998836,0.4799652596221605
0.4699999999998834,0.482618016741413
0.4799999999998832,0.4849666300098468
0.489999999999883,0.4870385813731585
0.49999999999988276,0.4888599892940669
0.5099999999998825,0.4904554994039247
0.5199999999998823,0.4918482108188184
0.5299999999998821,0.49305963445109197
0.5399999999998819,0.494109679529273
0.5499999999998817,0.49501666452234644
0.5599999999998815,0.49579734873439335
0.5699999999998813,0.4964669809786799
0.579999999999881,0.4970393619421036
0.5899999999998808,0.49752691709778724
0.5999999999998806,0.49794077730260106
0.6099999999998804,0.4982908645156494
0.6199999999998802,0.4985859803826847
0.62999999999988,0.49883389574079107
0.6399999999998798,0.4990414393997884
0.6499999999998796,0.4992145848453153
0.6599999999998793,0.4993585337785816
0.6699999999998791,0.4994777956557718
0.6799999999998789,0.4995762626136375
0.6899999999998787,0.4996572793656844
0.6999999999998785,0.4997237078251584
0.7099999999998783,0.49977798635717907
0.7199999999998781,0.4998221836839114
0.7299999999998779,0.49985804756512203
0.7399999999998776,0.4998870484537133
0.7499999999998774,0.49991041838396716
0.7599999999998772,0.4999291853914888
0.769999999999877,0.49994420379046767
0.7799999999998768,0.4999561806481037
0.7899999999998766,0.4999656987999776
0.7999999999998764,0.4999732367457665
0.8099999999998762,0.4999791857538201
0.8199999999998759,0.49998386448732335
0.8299999999998757,0.49998753144549374
0.8399999999998755,0.49999039549170915
0.8499999999998753,0.49999262471763894
0.8599999999998751,0.49999435386920316
0.8699999999998749,0.49999569053716125
0.8799999999998747,0.49999672029285475
0.8899999999998744,0.4999975109284671
0.8999999999998742,0.4999981159413878
0.909999999999874,0.49999857738403525
0.9199999999998738,0.4999989281838964
0.9299999999998736,0.4999991940235973
0.9399999999998734,0.4999993948575009
0.9499999999998732,0.499999546129573
0.959999999999873,0.4999996597469708
0.9699999999998727,0.49999974485487975
0.9799999999998725,0.49999980845043973
0.9899999999998723,0.4999998558670337
0.9999999999998721,0.4999998911546377
1.009999999999872,0.4999999173772363
1.0199999999998717,0.4999999368443768
1.0299999999998715,0.4999999512906673
1.0399999999998712,0.4999999620143216
1.049999999999871,0.4999999699836357
1.0599999999998708,0.49999997591846873
1.0699999999998706,0.49999998035232984
1.0799999999998704,0.49999998367948756
1.0899999999998702,0.4999999861905624
1.09999999999987,0.49999998809930574
1.1099999999998698,0.49999998956266317
1.1199999999998695,0.4999999906957435
1.1299999999998693,0.49999999158294145
1.1399999999998691,0.4999999922861682
1.149999999999869,0.4999999928509179
1.1599999999998687,0.49999999331072054
1.1699999999998685,0.4999999936903993
1.1799999999998683,0.49999999400844347
1.189999999999868,0.49999999427873115
1.1999999999998678,0.49999999451177707
1.2099999999998676,0.4999999947156325
1.2199999999998674,0.4999999948965336
1.2299999999998672,0.49999999505936776
1.239999999999867,0.4999999952080092
1.2499999999998668,0.49999999534555967
1.2599999999998666,0.4999999954745231
1.2699999999998663,0.499999995596932
1.2799999999998661,0.4999999957144398
1.289999999999866,0.49999999582839005
1.2999999999998657,0.4999999959398678
1.3099999999998655,0.4999999960497397
1.3199999999998653,0.4999999961586856
1.329999999999865,0.49999999626722413
1.3399999999998649,0.499999996375734
1.3499999999998646,0.4999999964844724
1.3599999999998644,0.4999999965935913
1.3699999999998642,0.49999999670315126
1.379999999999864,0.499999996813135
1.3899999999998638,0.4999999969234591
1.3999999999998636,0.49999999703398484
1.4099999999998634,0.4999999971445287
1.4199999999998631,0.49999999725487126
1.429999999999863,0.4999999973647659
1.4399999999998627,0.49999999747394686
1.4499999999998625,0.4999999975821359
1.4599999999998623,0.4999999976890493
1.469999999999862,0.49999999779440296
1.4799999999998619,0.4999999978979179
1.4899999999998617,0.49999999799932443
1.4999999999998614,0.49999999809836604
1.5099999999998612,0.4999999981948025
1.519999999999861,0.4999999982884125
1.5299999999998608,0.4999999983789956
1.5399999999998606,0.499999998466374
1.5499999999998604,0.49999999855039345
1.5599999999998602,0.499999998630924
1.56999999999986,0.4999999987078604
1.5799999999998597,0.49999999878112195
1.5899999999998595,0.4999999988506524
1.5999999999998593,0.49999999891641894
1.609999999999859,0.499999998978412
1.6199999999998589,0.4999999990366437
1.6299999999998587,0.4999999990911471
1.6399999999998585,0.4999999991419747
1.6499999999998582,0.4999999991891972
1.659999999999858,0.49999999923290195
1.6699999999998578,0.4999999992731915
1.6799999999998576,0.4999999993101822
1.6899999999998574,0.49999999934400224
1.6999999999998572,0.49999999937479056
1.709999999999857,0.4999999994026949
1.7199999999998568,0.49999999942787055
1.7299999999998565,0.4999999994504786
1.7399999999998563,0.4999999994706848
1.7499999999998561,0.4999999994886577
1.759999999999856,0.49999999950456764
1.7699999999998557,0.49999999951858537
1.7799999999998555,0.49999999953088087
1.7899999999998553,0.4999999995416219
1.799999999999855,0.49999999955097346
1.8099999999998548,0.49999999955909635
1.8199999999998546,0.4999999995661464
1.8299999999998544,0.49999999957227387
1.8399999999998542,0.49999999957762237
1.849999999999854,0.4999999995823286
1.8599999999998538,0.4999999995865215
1.8699999999998536,0.4999999995903221
1.8799999999998533,0.49999999959384267
1.8899999999998531,0.4999999995971871
1.899999999999853,0.4999999996004502
1.9099999999998527,0.4999999996037178
1.9199999999998525,0.49999999960706665
1.9299999999998523,0.4999999996105644
1.939999999999852,0.49999999961426983
1.9499999999998519,0.4999999996182328
1.9599999999998516,0.49999999962249475
1.9699999999998514,0.49999999962708863
1.9799999999998512,0.4999999996320395
1.989999999999851,0.4999999996373647
1.9999999999998508,0.4999999996430743
2.0099999999998506,0.49999999964917163
2.0199999999998504,0.4999999996556536
2.02999999999985,0.49999999966251124
2.03999999999985,0.49999999966973024
2.0499999999998497,0.49999999967729136
2.0599999999998495,0.49999999968517106
2.0699999999998493,0.499999999693342
2.079999999999849,0.49999999970177367
2.089999999999849,0.4999999997104327
2.0999999999998487,0.49999999971928344
2.1099999999998484,0.4999999997282888
2.1199999999998482,0.49999999973741033
2.129999999999848,0.4999999997466088
2.139999999999848,0.49999999975584486
2.1499999999998476,0.4999999997650793
2.1599999999998474,0.49999999977427334
2.169999999999847,0.49999999978338944
2.179999999999847,0.49999999979239107
2.1899999999998467,0.4999999998012435
2.1999999999998465,0.4999999998099138
2.2099999999998463,0.49999999981837134
2.219999999999846,0.49999999982658777
2.229999999999846,0.4999999998345373
2.2399999999998457,0.49999999984219684
2.2499999999998455,0.4999999998495462
2.2599999999998452,0.49999999985656807
2.269999999999845,0.49999999986324806
2.279999999999845,0.49999999986957483
2.2899999999998446,0.49999999987553995
2.2999999999998444,0.4999999998811379
2.309999999999844,0.4999999998863661
2.319999999999844,0.49999999989122473
2.3299999999998438,0.4999999998957165
2.3399999999998435,0.49999999989984667
2.3499999999998433,0.499999999903623
2.359999999999843,0.4999999999070552
2.369999999999843,0.49999999991015504
2.3799999999998427,0.4999999999129361
2.3899999999998425,0.49999999991541355
2.3999999999998423,0.4999999999176038
2.409999999999842,0.4999999999195246
2.419999999999842,0.4999999999211945
2.4299999999998416,0.4999999999226327
2.4399999999998414,0.4999999999238592
2.449999999999841,0.499999999924894
2.459999999999841,0.4999999999257574
2.4699999999998408,0.49999999992646954
2.4799999999998406,0.4999999999270504
2.4899999999998403,0.4999999999275196
2.49999999999984,0.49999999992789607
2.50999999999984,0.49999999992819827
2.5199999999998397,0.4999999999284438
2.5299999999998395,0.49999999992864924
2.5399999999998393,0.4999999999288303
2.549999999999839,0.4999999999290017
2.559999999999839,0.49999999992917693
2.5699999999998386,0.49999999992936833
2.5799999999998384,0.49999999992958705
2.589999999999838,0.499999999929843
2.599999999999838,0.4999999999301449
2.609999999999838,0.49999999993050015
2.6199999999998376,0.49999999993091504
2.6299999999998374,0.4999999999313946
2.639999999999837,0.4999999999319426
2.649999999999837,0.4999999999325619
2.6599999999998367,0.499999999933254
2.6699999999998365,0.49999999993401967
2.6799999999998363,0.49999999993485844
2.689999999999836,0.49999999993576916
2.699999999999836,0.49999999993674965
2.7099999999998357,0.49999999993779715
2.7199999999998354,0.4999999999389081
2.7299999999998352,0.4999999999400784
2.739999999999835,0.49999999994130323
2.749999999999835,0.4999999999425776
2.7599999999998346,0.499999999943896
2.7699999999998344,0.49999999994525257
2.779999999999834,0.49999999994664124
2.789999999999834,0.49999999994805583
2.7999999999998337,0.49999999994949007
2.8099999999998335,0.49999999995093763
2.8199999999998333,0.4999999999523922
2.829999999999833,0.49999999995384753
2.839999999999833,0.49999999995529765
2.8499999999998327,0.49999999995673666
2.8599999999998325,0.49999999995815897
2.8699999999998322,0.4999999999595592
2.879999999999832,0.49999999996093225
2.889999999999832,0.49999999996227357
2.8999999999998316,0.4999999999635787
2.9099999999998314,0.4999999999648437
2.919999999999831,0.4999999999660651
2.929999999999831,0.4999999999672397
2.9399999999998307,0.4999999999683649
2.9499999999998305,0.49999999996943834
2.9599999999998303,0.4999999999704583
2.96999999999983,0.49999999997142325
2.97999999999983,0.49999999997233235
2.9899999999998297,0.49999999997318506
2.9999999999998295,0.49999999997398115
3.0099999999998293,0.49999999997472094
3.019999999999829,0.4999999999754051
3.029999999999829,0.49999999997603467
3.0399999999998286,0.499999999976611
3.0499999999998284,0.4999999999771356
3.059999999999828,0.4999999999776107
3.069999999999828,0.49999999997803835
3.0799999999998278,0.499999999978421
3.0899999999998276,0.4999999999787614
3.0999999999998273,0.4999999999790623
3.109999999999827,0.49999999997932676
3.119999999999827,0.4999999999795578
3.1299999999998267,0.4999999999797585
3.1399999999998265,0.4999999999799322
3.1499999999998263,0.49999999998008204
3.159999999999826,0.4999999999802112
3.169999999999826,0.4999999999803228
3.1799999999998256,0.49999999998042
3.1899999999998254,0.49999999998050565
3.199999999999825,0.49999999998058275
3.209999999999825,0.499999999980654
3.219999999999825,0.499999999980722
3.2299999999998246,0.49999999998078914
3.2399999999998244,0.49999999998085776
3.249999999999824,0.4999999999809299
3.259999999999824,0.49999999998100747
3.2699999999998237,0.4999999999810922
3.2799999999998235,0.49999999998118555
3.2899999999998233,0.49999999998128886
3.299999999999823,0.49999999998140326
3.309999999999823,0.4999999999815296
3.3199999999998226,0.49999999998166866
3.3299999999998224,0.499999999981821
3.3399999999998222,0.4999999999819868
3.349999999999822,0.4999999999821664
3.359999999999822,0.49999999998235967
3.3699999999998216,0.49999999998256645
3.3799999999998214,0.4999999999827865
3.389999999999821,0.49999999998301925
3.399999999999821,0.49999999998326417
3.4099999999998207,0.4999999999835204
3.4199999999998205,0.4999999999837873
3.4299999999998203,0.4999999999840638
3.43999999999982,0.4999999999843489
3.44999999999982,0.49999999998464156
3.4599999999998197,0.49999999998494066
3.4699999999998195,0.499999999985245
3.4799999999998192,0.4999999999855534
3.489999999999819,0.4999999999858646
3.499999999999819,0.49999999998617745
3.5099999999998186,0.4999999999864907
3.5199999999998184,0.4999999999868031
3.529999999999818,0.49999999998711364
3.539999999999818,0.4999999999874212
3.5499999999998177,0.49999999998772454
3.5599999999998175,0.49999999998802286
3.5699999999998173,0.4999999999883151
3.579999999999817,0.4999999999886005
3.589999999999817,0.49999999998887823
3.5999999999998167,0.4999999999891476
3.6099999999998165,0.499999999989408
3.6199999999998163,0.4999999999896589
3.629999999999816,0.49999999998989986
3.639999999999816,0.49999999999013056
3.6499999999998156,0.4999999999903507
3.6599999999998154,0.49999999999056016
3.669999999999815,0.4999999999907588
3.679999999999815,0.49999999999094663
3.6899999999998148,0.49999999999112366
3.6999999999998145,0.49999999999129013
3.7099999999998143,0.4999999999914461
3.719999999999814,0.4999999999915919
3.729999999999814,0.49999999999172784
3.7399999999998137,0.49999999999185424
3.7499999999998135,0.4999999999919715
3.7599999999998133,0.49999999999208
3.769999999999813,0.4999999999921803
3.779999999999813,0.49999999999227285
3.7899999999998126,0.4999999999923581
3.7999999999998124,0.49999999999243666
3.809999999999812,0.49999999999250905
3.819999999999812,0.49999999999257577
3.8299999999998118,0.49999999999263744
3.8399999999998116,0.49999999999269457
3.8499999999998114,0.4999999999927478
3.859999999999811,0.4999999999927976
3.869999999999811,0.49999999999284456
3.8799999999998107,0.49999999999288924
3.8899999999998105,0.49999999999293215
3.8999999999998103,0.4999999999929738
3.90999999999981,0.49999999999301464
3.91999999999981,0.4999999999930552
3.9299999999998096,0.4999999999930959
3.9399999999998094,0.4999999999931372
3.949999999999809,0.49999999999317946
3.959999999999809,0.499999999993223
3.969999999999809,0.4999999999932681
3.9799999999998086,0.4999999999933152
3.9899999999998084,0.4999999999933643
3.999999999999808,0.4999999999934158
4.009999999999808,0.4999999999934698
4.019999999999808,0.49999999999352635
4.0299999999998075,0.4999999999935856
4.039999999999807,0.49999999999364747
4.049999999999807,0.4999999999937121
4.059999999999807,0.4999999999937793
4.069999999999807,0.4999999999938491
4.0799999999998064,0.4999999999939213
4.089999999999806,0.4999999999939958
4.099999999999806,0.4999999999940724
4.109999999999806,0.49999999999415096
4.119999999999806,0.49999999999423117
4.129999999999805,0.4999999999943128
4.139999999999805,0.4999999999943957
4.149999999999805,0.4999999999944796
4.159999999999805,0.4999999999945641
4.1699999999998045,0.4999999999946491
4.179999999999804,0.49999999999473427
4.189999999999804,0.4999999999948194
4.199999999999804,0.49999999999490424
4.209999999999804,0.49999999999498856
4.2199999999998035,0.49999999999507216
4.229999999999803,0.49999999999515476
4.239999999999803,0.4999999999952363
4.249999999999803,0.4999999999953165
4.259999999999803,0.4999999999953953
4.269999999999802,0.49999999999547245
4.279999999999802,0.49999999999554795
4.289999999999802,0.4999999999956216
4.299999999999802,0.49999999999569333
4.3099999999998015,0.49999999999576306
4.319999999999801,0.4999999999958307
4.329999999999801,0.4999999999958963
4.339999999999801,0.4999999999959597
4.349999999999801,0.4999999999960209
4.3599999999998005,0.49999999999607997
4.3699999999998,0.4999999999961368
4.3799999999998,0.4999999999961915
4.3899999999998,0.499999999996244
4.3999999999998,0.4999999999962944
4.409999999999799,0.4999999999963427
4.419999999999799,0.499999999996389
4.429999999999799,0.4999999999964333
4.439999999999799,0.4999999999964757
4.449999999999799,0.49999999999651634
4.459999999999798,0.49999999999655514
4.469999999999798,0.49999999999659234
4.479999999999798,0.499999999996628
4.489999999999798,0.49999999999666217
4.4999999999997975,0.4999999999966949
4.509999999999797,0.4999999999967264
4.519999999999797,0.49999999999675665
4.529999999999797,0.49999999999678585
4.539999999999797,0.499999999996814
4.549999999999796,0.4999999999968412
4.559999999999796,0.4999999999968675
4.569999999999796,0.4999999999968931
4.579999999999796,0.49999999999691797
4.589999999999796,0.49999999999694217
4.599999999999795,0.49999999999696587
4.609999999999795,0.4999999999969891
4.619999999999795,0.49999999999701183
4.629999999999795,0.49999999999703426
4.6399999999997945,0.49999999999705635
4.649999999999794,0.4999999999970782
4.659999999999794,0.4999999999971
4.669999999999794,0.4999999999971216
4.679999999999794,0.4999999999971432
4.6899999999997934,0.49999999999716477
4.699999999999793,0.4999999999971864
4.709999999999793,0.49999999999720823
4.719999999999793,0.4999999999972302
4.729999999999793,0.4999999999972525
4.739999999999792,0.499999999997275
4.749999999999792,0.4999999999972979
4.759999999999792,0.4999999999973211
4.769999999999792,0.49999999999734474
4.7799999999997915,0.4999999999973688
4.789999999999791,0.49999999999739336
4.799999999999791,0.4999999999974184
4.809999999999791,0.4999999999974439
4.819999999999791,0.49999999999746986
4.8299999999997905,0.4999999999974963
4.83999999999979,0.4999999999975231
4.84999999999979,0.4999999999975504
4.85999999999979,0.49999999999757805
4.86999999999979,0.4999999999976061
4.879999999999789,0.49999999999763434
4.889999999999789,0.49999999999766287
4.899999999999789,0.4999999999976916
4.909999999999789,0.4999999999977205
4.9199999999997885,0.49999999999774936
4.929999999999788,0.4999999999977783
4.939999999999788,0.4999999999978071
4.949999999999788,0.4999999999978358
4.959999999999788,0.49999999999786426
4.9699999999997875,0.49999999999789246
4.979999999999787,0.49999999999792033
4.989999999999787,0.4999999999979478
4.999999999999787,0.4999999999979748
